"season","week","game_id","home_team","away_team","home_passing_yards","home_passing_touchdowns","home_passing_first_downs","home_passing_interceptions_thrown","home_passing_long","home_rushing_yards","home_rushing_touchdowns","home_rushing_first_downs","home_rushing_long","home_fumbles","home_fumbles_lost","home_turnovers","home_third_down_conversions","home_third_down_attempts","home_fourth_down_conversions","home_fourth_down_attempts","home_penalties","home_penalty_yards","home_sacks_taken","home_sack_yards_lost","home_time_of_possession_seconds","home_field_goals_made","home_field_goals_attempted","home_field_goal_longest","home_passing_yards_allowed","home_passing_touchdowns_allowed","home_rushing_yards_allowed","home_rushing_touchdowns_allowed","home_turnovers_forced","home_interceptions_made","home_fumbles_forced","home_sacks_made","home_sack_yards","home_qb_hits","home_tackles_for_loss","home_passes_defended","away_passing_yards","away_passing_touchdowns","away_passing_first_downs","away_passing_interceptions_thrown","away_passing_long","away_rushing_yards","away_rushing_touchdowns","away_rushing_first_downs","away_rushing_long","away_fumbles","away_fumbles_lost","away_turnovers","away_third_down_conversions","away_third_down_attempts","away_fourth_down_conversions","away_fourth_down_attempts","away_penalties","away_penalty_yards","away_sacks_taken","away_sack_yards_lost","away_time_of_possession_seconds","away_field_goals_made","away_field_goals_attempted","away_field_goal_longest","away_passing_yards_allowed","away_passing_touchdowns_allowed","away_rushing_yards_allowed","away_rushing_touchdowns_allowed","away_turnovers_forced","away_interceptions_made","away_fumbles_forced","away_sacks_made","away_sack_yards","away_qb_hits","away_tackles_for_loss","away_passes_defended"
2025,1,401772510,"Philadelphia Eagles","Dallas Cowboys",152,0,6,0,51,158,3,14,20,0,0,0,8,13,0,5,9,110,1,8,0,1,1,58,188,0,119,2,1,0,1,0,0,1,1,0,188,0,9,0,32,119,2,7,49,1,1,1,7,12,0,4,4,42,0,0,0,2,2,53,152,0,158,3,0,0,0,1,8,5,4,0
2025,1,401772714,"Los Angeles Chargers","Kansas City Chiefs",318,3,16,0,33,90,0,6,11,1,0,0,7,14,1,5,6,49,3,14,0,2,2,39,258,1,98,1,0,0,0,2,9,8,0,0,258,1,9,0,49,98,1,8,10,1,0,0,5,16,3,9,10,71,2,9,0,3,3,59,318,3,90,0,0,0,0,3,14,4,3,0
2025,1,401772830,"Atlanta Falcons","Tampa Bay Buccaneers",298,1,16,0,50,69,1,4,6,1,0,0,6,16,3,10,8,55,1,9,0,2,3,41,167,3,101,0,0,0,0,1,8,2,1,0,167,3,10,0,30,101,0,5,11,0,0,0,7,14,1,7,5,60,1,8,0,1,2,48,298,1,69,1,0,0,0,1,9,4,4,0
2025,1,401772829,"Cleveland Browns","Cincinnati Bengals",290,1,13,2,25,49,1,5,5,0,0,2,9,19,2,7,7,53,2,12,0,1,2,45,113,1,46,1,0,0,0,3,18,7,5,0,113,1,7,0,20,46,1,3,8,0,0,0,7,14,0,9,7,33,3,18,0,1,1,35,290,1,49,1,2,2,0,2,12,5,1,0
2025,1,401772719,"Indianapolis Colts","Miami Dolphins",272,1,14,0,36,156,2,11,15,0,0,0,7,15,3,8,4,45,1,10,0,4,4,48,146,1,78,0,3,2,1,3,13,6,1,0,146,1,9,2,21,78,0,3,26,1,1,3,5,10,1,4,3,15,3,13,0,0,0,0,272,1,156,2,0,0,0,1,10,2,3,0
2025,1,401772720,"New England Patriots","Las Vegas Raiders",287,1,15,1,27,60,0,2,14,1,0,1,4,16,1,11,8,70,4,11,0,2,3,44,362,1,56,1,1,1,0,4,29,8,6,0,362,1,17,1,38,56,1,3,9,0,0,1,5,14,1,8,9,77,4,29,0,2,3,51,287,1,60,0,1,1,0,4,11,9,1,0
2025,1,401772718,"New Orleans Saints","Arizona Cardinals",214,0,12,0,21,107,1,5,18,0,0,0,5,18,1,10,13,89,1,6,0,2,3,36,163,2,146,0,0,0,0,5,33,4,2,0,163,2,11,0,45,146,0,5,52,0,0,0,6,15,0,7,9,54,5,33,0,2,3,50,214,0,107,1,0,0,0,1,6,2,2,0
2025,1,401772721,"New York Jets","Pittsburgh Steelers",218,1,9,0,33,182,3,13,18,1,1,1,7,14,1,6,7,74,1,6,0,2,2,51,244,4,53,0,0,0,0,4,26,7,2,0,244,4,14,0,31,53,0,2,9,2,0,0,4,12,0,6,4,26,4,26,0,2,2,60,218,1,182,3,1,0,1,1,6,6,5,0
2025,1,401772827,"Washington Commanders","New York Giants",233,1,11,0,34,220,2,11,42,0,0,0,4,12,0,5,12,89,3,21,0,0,0,0,168,0,74,0,0,0,0,2,11,8,4,0,168,0,9,0,25,74,0,4,8,1,0,0,4,19,1,12,6,35,2,11,0,2,2,55,233,1,220,2,0,0,0,3,21,4,1,0
2025,1,401772828,"Jacksonville Jaguars","Carolina Panthers",178,1,9,1,24,200,1,10,71,0,0,1,5,12,2,7,11,93,0,0,0,4,4,47,154,1,113,0,3,2,1,1,12,5,0,0,154,1,8,2,27,113,0,5,9,1,1,3,8,16,0,6,4,35,1,12,0,1,1,48,178,1,200,1,1,1,0,0,0,1,0,0
2025,1,401772832,"Denver Broncos","Tennessee Titans",176,1,9,2,22,151,1,5,50,1,1,3,6,17,0,8,6,45,1,10,0,2,2,39,112,0,71,0,3,0,3,6,50,14,1,0,112,0,5,0,29,71,0,2,9,3,3,3,2,14,0,13,13,131,6,50,0,4,4,50,176,1,151,1,3,2,1,1,10,5,1,0
2025,1,401772831,"Seattle Seahawks","San Francisco 49ers",150,0,6,0,40,84,1,6,9,4,2,2,3,11,0,8,4,30,1,4,0,2,2,48,277,2,119,0,2,2,0,1,12,8,6,0,277,2,15,2,45,119,0,7,13,0,0,2,7,16,2,7,9,61,1,12,0,1,3,32,150,0,84,1,2,0,2,1,4,2,4,0
2025,1,401772722,"Green Bay Packers","Detroit Lions",188,2,8,0,48,78,1,4,15,0,0,0,4,11,1,6,4,40,0,0,0,2,2,38,225,1,46,0,1,1,0,4,25,8,4,0,225,1,13,1,32,46,0,2,14,0,0,1,5,15,3,11,7,40,4,25,0,2,2,30,188,2,78,1,0,0,0,0,0,2,2,0
2025,1,401772723,"Los Angeles Rams","Houston Texans",245,1,13,0,36,72,1,3,9,2,1,1,7,15,1,6,7,60,3,21,0,0,0,0,188,0,114,0,2,1,1,3,37,7,0,0,188,0,7,1,23,114,0,8,13,1,1,2,2,11,1,7,11,80,3,37,0,3,3,53,245,1,72,1,1,0,1,3,21,6,0,0
2025,1,401772918,"Buffalo Bills","Baltimore Ravens",394,2,18,0,51,108,3,9,17,1,0,0,7,18,1,8,5,38,1,5,0,3,3,43,209,2,238,3,1,0,1,2,15,4,4,0,209,2,8,0,39,238,3,10,49,2,1,1,6,13,0,5,7,51,2,15,0,2,2,52,394,2,108,3,0,0,0,1,5,3,1,0
2025,1,401772810,"Chicago Bears","Minnesota Vikings",210,1,10,0,31,119,1,7,13,1,1,1,3,14,0,9,12,127,2,12,0,1,2,42,143,2,120,1,1,1,0,3,9,5,3,0,143,2,5,1,28,120,1,6,19,0,0,1,3,15,0,8,8,50,3,9,0,2,2,59,210,1,119,1,1,0,1,2,12,3,2,0
2025,2,401772936,"Green Bay Packers","Washington Commanders",292,2,14,0,57,135,1,6,16,0,0,0,5,13,0,7,10,77,2,23,0,2,3,56,200,2,51,0,0,0,0,4,21,10,1,0,200,2,10,0,20,51,0,3,5,0,0,0,5,18,1,11,5,30,4,21,0,1,3,51,292,2,135,1,0,0,0,2,23,3,1,0
2025,2,401772725,"Cincinnati Bengals","Jacksonville Jaguars",317,3,17,3,42,48,1,5,11,0,0,3,6,14,1,6,3,29,3,15,0,1,1,31,271,3,139,0,2,2,0,1,10,4,1,0,271,3,15,2,40,139,0,5,30,1,0,2,6,13,0,5,6,55,1,10,0,2,2,42,317,3,48,1,3,3,0,3,15,9,1,0
2025,2,401772834,"Dallas Cowboys","New York Giants",361,2,18,1,33,135,2,8,30,1,0,1,6,17,1,10,12,106,3,18,0,4,4,64,450,3,84,1,1,1,0,3,28,6,1,0,450,3,15,1,52,84,1,6,24,1,0,1,6,15,1,9,14,160,3,28,0,3,3,38,361,2,135,2,1,1,0,3,18,7,3,0
2025,2,401772835,"Detroit Lions","Chicago Bears",334,5,15,0,64,177,2,10,42,0,0,0,4,10,1,6,3,28,0,0,0,1,2,34,234,2,134,1,2,1,1,4,29,4,1,0,234,2,11,1,37,134,1,7,20,2,1,2,7,14,0,6,8,50,4,29,0,0,0,0,334,5,177,2,0,0,0,0,0,4,3,0
2025,2,401772724,"Tennessee Titans","Los Angeles Rams",175,1,10,0,26,109,0,7,10,1,1,1,6,17,1,9,10,62,5,32,0,4,4,57,298,2,149,2,1,1,0,1,8,6,1,0,298,2,12,1,40,149,2,8,45,1,0,1,5,12,1,7,4,29,1,8,0,2,2,21,175,1,109,0,1,0,1,5,32,8,0,0
2025,2,401772728,"Miami Dolphins","New England Patriots",315,2,15,1,47,61,0,1,18,0,0,1,4,12,0,6,10,65,5,18,0,2,2,44,230,2,122,1,0,0,0,3,19,3,1,0,230,2,9,0,55,122,1,8,21,1,0,0,7,12,1,7,12,75,3,19,0,2,2,53,315,2,61,0,1,1,0,5,18,5,2,0
2025,2,401772833,"New Orleans Saints","San Francisco 49ers",207,3,12,0,39,121,0,6,15,2,1,1,4,13,1,7,7,45,3,21,0,0,1,0,279,3,77,0,1,0,1,3,12,6,3,0,279,3,15,0,42,77,0,5,10,2,1,1,8,18,0,6,5,40,3,12,0,2,2,46,207,3,121,0,1,0,1,3,21,5,4,0
2025,2,401772727,"New York Jets","Buffalo Bills",83,1,5,0,18,100,0,5,12,3,1,1,0,11,3,11,5,35,4,29,0,1,1,51,180,0,224,3,0,0,0,1,1,2,3,0,180,0,9,0,32,224,3,12,44,1,0,0,5,17,2,8,6,69,1,1,0,3,3,52,83,1,100,0,1,0,1,4,29,6,3,0
2025,2,401772836,"Pittsburgh Steelers","Seattle Seahawks",215,1,6,2,65,72,0,6,13,0,0,2,5,17,1,9,2,15,3,20,0,3,3,48,295,2,117,1,2,2,0,2,17,8,4,0,295,2,13,2,43,117,1,8,20,0,0,2,6,14,1,8,2,10,2,17,0,1,2,54,215,1,72,0,2,2,0,3,20,7,0,0
2025,2,401772726,"Baltimore Ravens","Cleveland Browns",225,4,10,0,41,45,0,2,8,1,0,0,3,13,1,9,6,28,3,28,0,2,2,43,218,2,115,0,2,1,1,2,11,9,2,0,218,2,10,1,26,115,0,7,31,1,1,2,7,19,1,11,6,42,2,11,0,1,1,38,225,4,45,0,0,0,0,3,28,4,3,0
2025,2,401772729,"Indianapolis Colts","Denver Broncos",316,1,16,0,44,167,1,6,68,0,0,0,6,13,0,7,10,62,1,10,0,5,5,45,206,3,118,1,1,1,0,0,0,0,4,0,206,3,11,1,42,118,1,7,23,0,0,1,4,11,0,4,8,83,0,0,0,0,1,0,316,1,167,1,0,0,0,1,10,6,2,0
2025,2,401772730,"Arizona Cardinals","Carolina Panthers",220,1,10,1,31,82,1,5,11,0,0,1,3,11,1,5,12,96,1,9,0,2,2,47,328,3,49,0,2,1,1,3,25,10,2,0,328,3,19,1,40,49,0,4,14,1,1,2,5,19,3,9,7,83,3,25,0,1,1,27,220,1,82,1,1,1,0,1,9,4,3,0
2025,2,401772837,"Kansas City Chiefs","Philadelphia Eagles",187,1,7,1,49,121,1,9,11,1,0,1,4,15,2,8,6,45,2,14,0,1,2,56,101,0,122,2,0,0,0,2,7,3,3,0,101,0,4,0,28,122,2,9,13,1,0,0,5,16,1,10,6,48,2,7,0,2,2,58,187,1,121,1,1,1,0,2,14,9,3,0
2025,2,401772919,"Minnesota Vikings","Atlanta Falcons",158,0,7,2,50,78,0,3,8,3,1,3,4,12,1,7,8,50,6,38,0,2,2,51,135,0,218,1,2,0,2,3,27,5,3,0,135,0,5,0,21,218,1,12,25,2,2,2,6,16,0,10,5,29,3,27,0,5,5,54,158,0,78,0,3,2,1,6,38,9,1,0
2025,2,401772715,"Houston Texans","Tampa Bay Buccaneers",207,1,7,0,37,84,1,3,25,0,0,0,2,9,0,7,6,45,3,25,0,2,2,53,215,2,169,1,0,0,0,4,24,6,1,0,215,2,12,0,22,169,1,9,16,1,0,0,6,14,1,8,7,45,4,24,0,0,1,0,207,1,84,1,0,0,0,3,25,5,3,0
2025,2,401772811,"Las Vegas Raiders","Los Angeles Chargers",180,0,8,3,25,68,0,5,13,1,0,3,9,21,0,7,5,47,3,30,0,3,3,54,242,2,81,0,1,0,1,2,6,3,5,0,242,2,8,0,60,81,0,6,15,2,1,1,4,12,1,7,6,33,2,6,0,2,2,38,180,0,68,0,3,3,0,3,30,5,2,0
2025,3,401772937,"Buffalo Bills","Miami Dolphins",213,3,12,0,30,157,1,8,26,1,0,0,6,11,0,5,3,35,2,10,0,1,2,48,146,2,130,1,1,1,0,0,0,1,2,0,146,2,11,1,19,130,1,8,16,2,0,1,10,15,1,5,6,57,0,0,0,0,0,0,213,3,157,1,0,0,0,2,10,2,0,0
2025,3,401772842,"Cleveland Browns","Green Bay Packers",142,0,7,1,17,96,1,5,38,0,0,1,4,19,1,9,8,90,2,17,0,2,2,55,183,1,81,0,1,1,0,5,34,5,3,0,183,1,8,1,34,81,0,4,10,1,0,1,10,24,0,7,14,75,5,34,0,1,2,39,142,0,96,1,1,1,0,2,17,10,1,0
2025,3,401772733,"Tennessee Titans","Indianapolis Colts",219,1,11,1,27,86,1,8,27,0,0,1,5,16,1,9,8,68,4,23,0,2,4,57,228,1,137,3,0,0,0,0,0,2,0,0,228,1,10,0,29,137,3,9,46,0,0,0,2,9,2,5,4,23,0,0,0,2,3,36,219,1,86,1,1,1,0,4,23,7,3,0
2025,3,401772731,"Minnesota Vikings","Cincinnati Bengals",202,2,10,0,36,169,2,10,24,1,0,0,4,14,1,8,13,105,3,19,0,2,2,62,140,1,53,0,5,2,3,4,22,9,4,0,140,1,6,2,28,53,0,3,12,5,3,5,3,12,0,8,4,45,4,22,0,1,1,45,202,2,169,2,0,0,0,3,19,4,1,0
2025,3,401772732,"New England Patriots","Pittsburgh Steelers",268,2,13,1,23,119,0,10,11,4,4,5,6,15,4,6,7,54,5,18,0,0,0,0,139,2,64,1,1,1,0,0,0,3,6,0,139,2,5,1,21,64,1,7,13,1,0,1,4,12,0,4,8,59,0,0,0,0,0,0,268,2,119,0,5,1,4,5,18,8,1,0
2025,3,401772839,"Philadelphia Eagles","Los Angeles Rams",226,3,9,0,38,86,1,8,18,1,1,1,5,14,4,9,5,50,4,24,0,0,0,0,196,2,160,0,1,1,0,1,0,7,1,0,196,2,10,1,44,160,0,11,13,0,0,1,3,13,0,7,4,41,1,0,0,4,6,51,226,3,86,1,1,0,1,4,24,4,2,0
2025,3,401772840,"Tampa Bay Buccaneers","New York Jets",233,1,12,0,30,122,0,4,16,1,0,0,4,20,0,10,14,124,1,8,0,5,6,55,197,2,99,0,2,1,1,4,29,10,3,0,197,2,13,1,20,99,0,5,17,1,1,2,3,11,1,7,7,81,4,29,0,2,2,42,233,1,122,0,0,0,0,1,8,2,6,0
2025,3,401772841,"Washington Commanders","Las Vegas Raiders",207,1,7,0,56,201,3,8,60,1,1,1,5,12,0,5,7,54,1,8,0,2,3,56,289,3,93,0,0,0,0,5,28,9,2,0,289,3,12,0,61,93,0,5,18,0,0,0,3,14,2,11,6,54,5,28,0,1,1,37,207,1,201,3,1,0,1,1,8,3,4,0
2025,3,401772838,"Carolina Panthers","Atlanta Falcons",121,0,7,0,23,110,2,7,8,0,0,0,3,15,2,9,6,55,1,7,0,3,3,57,201,0,131,0,4,2,2,0,0,2,0,0,201,0,11,2,25,131,0,6,17,2,2,4,5,14,0,8,3,23,0,0,0,0,2,0,121,0,110,2,0,0,0,1,7,3,3,0
2025,3,401772734,"Jacksonville Jaguars","Houston Texans",222,0,10,1,46,86,2,5,10,0,0,1,4,18,0,10,9,70,2,17,0,1,2,39,204,1,87,0,3,2,1,2,20,5,0,0,204,1,8,2,50,87,0,2,8,1,1,3,4,16,1,9,7,66,2,20,0,1,2,27,222,0,86,2,1,1,0,2,17,4,1,0
2025,3,401772735,"Los Angeles Chargers","Denver Broncos",300,1,17,1,37,106,1,6,11,2,1,2,8,17,0,8,3,25,5,30,0,3,3,43,153,1,118,1,0,0,0,2,6,4,4,0,153,1,5,0,52,118,1,3,41,0,0,0,2,13,2,11,10,90,2,6,0,2,2,42,300,1,106,1,2,1,1,5,30,14,2,0
2025,3,401772736,"Seattle Seahawks","New Orleans Saints",233,2,11,0,45,87,2,7,10,1,1,1,3,11,0,6,8,70,0,0,0,3,3,56,218,1,79,0,1,1,0,2,13,7,3,0,218,1,12,1,21,79,0,4,8,0,0,1,5,15,0,11,11,77,2,13,0,2,3,27,233,2,87,2,1,0,1,0,0,2,3,0
2025,3,401772844,"Chicago Bears","Dallas Cowboys",298,4,11,0,65,87,0,7,12,0,0,0,8,14,1,6,6,41,0,0,0,1,1,30,292,1,121,0,4,3,1,2,17,7,0,0,292,1,14,3,37,121,0,6,22,1,1,4,3,14,2,7,4,25,2,17,0,2,2,53,298,4,87,0,0,0,0,0,0,1,3,0
2025,3,401772843,"San Francisco 49ers","Arizona Cardinals",284,1,14,1,34,73,0,4,19,0,0,1,2,11,1,7,5,69,1,2,0,3,3,51,159,1,106,0,0,0,0,1,5,4,3,0,159,1,8,0,32,106,0,7,29,1,0,0,5,15,2,10,5,30,1,5,0,2,3,34,284,1,73,0,1,1,0,1,2,8,2,0
2025,3,401772920,"New York Giants","Kansas City Chiefs",160,0,7,2,26,130,1,8,13,0,0,2,1,11,1,9,7,82,2,9,0,1,1,25,224,1,105,1,0,0,0,2,23,7,1,0,224,1,13,0,33,105,1,6,11,2,0,0,8,17,0,6,8,85,2,23,0,3,4,54,160,0,130,1,2,2,0,2,9,9,3,0
2025,3,401772812,"Baltimore Ravens","Detroit Lions",288,3,14,0,37,85,1,4,28,2,1,1,6,12,0,5,3,10,7,55,0,1,1,41,202,1,224,4,0,0,0,0,0,6,3,0,202,1,11,0,24,224,4,12,72,1,0,0,7,14,3,7,8,68,0,0,0,1,2,45,288,3,85,1,1,0,1,7,55,6,1,0
2025,4,401772938,"Arizona Cardinals","Seattle Seahawks",200,2,13,2,18,89,0,2,12,1,1,2,6,16,1,8,7,46,6,36,0,2,2,57,242,1,155,1,0,0,0,3,13,3,5,0,242,1,11,0,36,155,1,6,21,1,0,0,6,14,0,7,6,74,3,13,0,3,4,52,200,2,89,0,2,2,1,6,36,6,0,0
2025,4,401772632,"Pittsburgh Steelers","Minnesota Vikings",200,1,6,0,80,131,2,11,15,1,0,0,4,10,0,7,5,35,2,18,0,1,2,33,350,2,70,0,2,2,0,6,48,13,3,0,350,2,15,2,81,70,0,6,9,2,0,2,4,15,2,10,8,82,6,48,0,2,2,41,200,1,131,2,0,0,0,2,18,3,2,0
2025,4,401772739,"Atlanta Falcons","Washington Commanders",313,2,14,1,69,128,2,9,19,4,0,1,6,12,1,6,5,45,1,6,0,2,2,38,156,2,147,0,1,1,0,2,9,5,3,0,156,2,8,1,24,147,0,7,48,2,0,1,1,9,2,7,6,50,2,9,0,4,4,52,313,2,128,2,1,1,0,1,6,2,5,0
2025,4,401772740,"Buffalo Bills","New Orleans Saints",209,2,10,1,43,165,2,9,15,0,0,1,3,11,0,5,11,55,3,18,0,1,1,35,126,1,189,1,1,1,0,3,17,4,2,0,126,1,7,1,17,189,1,14,18,1,0,1,5,13,0,7,4,41,3,17,0,2,2,54,209,2,165,2,1,1,0,3,18,7,1,0
2025,4,401772846,"Detroit Lions","Cleveland Browns",168,2,8,1,27,109,1,6,24,1,0,1,6,15,0,8,6,35,0,0,0,2,2,58,184,0,79,1,3,2,1,3,14,9,2,0,184,0,8,2,35,79,1,7,11,1,1,3,3,15,1,10,6,44,3,14,0,1,2,33,168,2,109,1,1,1,0,0,0,5,4,0
2025,4,401772847,"New England Patriots","Carolina Panthers",203,2,8,0,33,104,3,7,22,0,0,0,3,10,1,6,7,54,1,0,0,0,0,0,208,2,129,0,0,0,0,1,11,4,3,0,208,2,11,0,24,129,0,8,22,1,0,0,5,15,1,9,5,29,1,11,0,0,1,0,203,2,104,3,0,0,0,1,0,1,1,0
2025,4,401772737,"New York Giants","Los Angeles Chargers",119,1,6,0,18,161,1,11,16,2,0,0,7,19,0,8,8,43,6,30,0,2,2,31,203,1,152,1,2,2,0,2,17,12,1,0,203,1,8,2,36,152,1,6,54,0,0,2,4,15,0,7,14,107,2,17,0,1,1,43,119,1,161,1,0,0,0,6,30,8,3,0
2025,4,401772845,"Tampa Bay Buccaneers","Philadelphia Eagles",289,2,7,1,77,104,0,5,15,2,1,2,3,15,1,10,5,40,2,17,0,3,3,65,130,2,88,1,0,0,0,2,18,3,7,0,130,2,10,0,22,88,1,5,11,2,0,0,5,14,0,10,8,83,2,18,0,1,1,39,289,2,104,0,2,1,1,2,17,1,2,0
2025,4,401772738,"Houston Texans","Tennessee Titans",233,2,9,0,37,129,1,10,18,0,0,0,6,15,3,9,6,50,2,9,0,2,3,47,108,0,82,0,1,1,0,2,15,7,3,0,108,0,5,1,33,82,0,3,21,0,0,1,2,11,0,8,4,35,2,15,0,0,2,0,233,2,129,1,0,0,0,2,9,5,3,0
2025,4,401772849,"Los Angeles Rams","Indianapolis Colts",375,3,15,0,88,102,0,7,11,1,1,1,4,12,1,8,7,63,3,15,0,2,2,42,262,1,85,1,3,2,1,2,14,7,1,0,262,1,11,2,75,85,1,4,12,2,1,3,4,13,1,7,11,88,2,14,0,2,2,52,375,3,102,0,1,0,1,3,15,8,2,0
2025,4,401772848,"San Francisco 49ers","Jacksonville Jaguars",309,2,17,2,31,83,0,3,11,3,2,4,8,13,0,5,5,54,1,3,0,2,2,26,174,1,151,1,0,0,0,0,0,0,5,0,174,1,8,0,28,151,1,8,48,1,0,0,4,17,1,10,12,90,0,0,0,2,3,44,309,2,83,0,4,2,2,1,3,3,2,0
2025,4,401772741,"Kansas City Chiefs","Baltimore Ravens",270,4,15,0,37,118,0,8,35,0,0,0,5,15,4,9,5,40,1,6,0,3,4,38,199,1,166,1,2,1,1,3,5,8,1,0,199,1,10,1,24,166,1,7,71,1,1,2,3,11,1,6,6,56,3,5,0,2,2,43,270,4,118,0,0,0,0,1,6,3,1,0
2025,4,401772742,"Las Vegas Raiders","Chicago Bears",117,2,6,3,19,240,1,10,64,1,1,4,2,8,0,4,5,36,0,0,0,1,2,29,212,1,69,1,1,1,0,1,10,2,6,0,212,1,10,1,29,69,1,5,13,2,0,1,7,17,1,9,8,60,1,10,0,4,4,52,117,2,240,1,4,3,1,0,0,1,5,0
2025,4,401772921,"Dallas Cowboys","Green Bay Packers",319,3,17,0,34,117,2,8,13,0,0,0,4,12,1,7,11,95,1,0,0,1,1,22,337,3,164,2,1,0,1,1,12,4,3,0,337,3,16,0,46,164,2,11,19,1,1,1,10,17,1,5,7,53,1,12,0,2,2,53,319,3,117,2,0,0,0,1,0,4,1,0
2025,4,401772813,"Miami Dolphins","New York Jets",177,2,12,0,28,123,1,5,21,2,0,0,4,13,1,7,6,40,0,0,0,2,2,47,226,1,197,1,3,0,3,2,19,3,3,0,226,1,12,0,27,197,1,9,23,3,3,3,4,10,1,5,13,101,2,19,0,2,2,58,177,2,123,1,0,0,0,0,0,0,2,0
2025,4,401772716,"Denver Broncos","Cincinnati Bengals",326,2,17,1,28,186,2,11,16,0,0,1,8,14,0,5,7,72,0,0,0,0,0,0,125,0,53,0,0,0,0,3,19,5,0,0,125,0,3,0,22,53,0,3,6,0,0,0,2,13,0,11,11,65,3,19,0,1,1,26,326,2,186,2,1,1,0,0,0,1,0,0
2025,5,401772939,"Los Angeles Rams","San Francisco 49ers",389,3,18,0,38,78,0,5,20,2,2,2,4,12,2,6,5,36,1,11,0,1,2,48,342,2,74,0,0,0,0,1,9,9,3,0,342,2,19,0,35,74,0,6,8,0,0,0,7,19,3,11,8,44,1,9,0,4,4,59,389,3,78,0,2,0,2,1,11,2,0,0
2025,5,401772633,"Cleveland Browns","Minnesota Vikings",190,2,9,0,22,140,0,8,32,0,0,0,3,17,3,12,10,78,2,8,0,1,1,31,268,2,97,1,2,0,2,3,16,3,2,0,268,2,14,0,38,97,1,4,15,2,2,2,3,12,0,6,7,50,3,16,0,0,1,0,190,2,140,0,0,0,0,2,8,3,3,0
2025,5,401772851,"Indianapolis Colts","Las Vegas Raiders",221,2,12,0,35,96,4,9,16,1,0,0,8,12,0,3,8,71,0,0,0,0,0,0,228,0,106,0,2,2,0,4,38,5,1,0,228,0,12,2,33,106,0,6,12,0,0,2,8,15,1,6,6,65,4,38,0,2,3,37,221,2,96,4,0,0,0,0,0,3,2,0
2025,5,401772744,"New Orleans Saints","New York Giants",244,1,10,0,87,88,0,5,11,0,0,0,7,18,1,8,7,43,0,0,0,4,6,53,202,2,136,0,5,2,3,1,3,5,1,0,202,2,10,2,18,136,0,11,10,3,3,5,3,11,3,10,8,95,1,3,0,0,0,0,244,1,88,0,0,0,0,0,0,1,5,0
2025,5,401772850,"New York Jets","Dallas Cowboys",283,2,14,0,25,144,0,9,22,1,1,1,7,17,1,9,10,61,5,49,0,2,2,48,237,4,180,1,0,0,0,1,1,3,1,0,237,4,12,0,46,180,1,9,66,0,0,0,6,13,0,6,11,91,1,1,0,1,1,35,283,2,144,0,1,0,1,5,49,13,2,0
2025,5,401772745,"Philadelphia Eagles","Denver Broncos",280,2,11,0,52,45,0,2,17,0,0,0,2,13,0,10,9,55,6,23,0,1,1,31,242,1,130,1,0,0,0,2,14,8,2,0,242,1,12,0,34,130,1,8,17,0,0,0,5,17,0,11,12,121,2,14,0,2,2,55,280,2,45,0,0,0,0,6,23,7,0,0
2025,5,401772852,"Carolina Panthers","Miami Dolphins",198,2,12,1,29,239,1,8,53,1,1,2,5,13,2,7,8,46,3,19,0,2,2,49,256,3,19,0,0,0,0,3,27,3,3,0,256,3,13,0,46,19,0,2,6,0,0,0,5,13,1,8,9,64,3,27,0,1,1,43,198,2,239,1,2,1,1,3,19,7,1,0
2025,5,401772743,"Baltimore Ravens","Houston Texans",179,0,7,3,56,44,1,4,7,0,0,3,3,8,0,7,9,49,1,16,0,1,2,27,267,4,167,1,0,0,0,2,17,4,3,0,267,4,15,0,47,167,1,8,27,0,0,0,7,13,1,5,4,26,2,17,0,3,3,57,179,0,44,1,3,3,0,1,16,2,1,0
2025,5,401772747,"Arizona Cardinals","Tennessee Titans",220,0,8,0,43,168,3,7,71,2,2,2,7,18,0,8,8,47,3,28,0,0,0,0,265,0,78,1,2,1,2,2,16,4,2,0,265,0,12,1,47,78,1,6,14,2,2,2,5,15,0,9,6,35,2,16,0,3,3,51,220,0,168,3,2,0,2,3,28,5,2,0
2025,5,401772746,"Seattle Seahawks","Tampa Bay Buccaneers",341,4,18,1,53,122,1,6,31,1,1,2,6,10,1,3,7,56,0,0,0,0,1,0,379,2,56,2,0,0,0,1,9,1,4,0,379,2,17,0,57,56,2,6,12,0,0,0,7,12,0,4,4,37,1,9,0,3,3,39,341,4,122,1,2,1,1,0,0,2,1,0
2025,5,401772854,"Cincinnati Bengals","Detroit Lions",251,3,12,3,64,85,0,4,10,2,0,3,4,15,0,6,6,30,2,14,0,1,1,50,261,4,118,1,1,0,1,4,14,7,3,0,261,4,15,0,39,118,1,7,19,1,1,1,2,8,0,5,8,56,4,14,0,0,0,0,251,3,85,0,3,3,0,2,14,9,0,0
2025,5,401772853,"Los Angeles Chargers","Washington Commanders",210,1,11,1,29,155,0,6,18,1,1,2,9,16,1,7,10,85,5,29,0,1,1,55,231,1,163,2,1,0,1,1,5,1,5,0,231,1,9,0,50,163,2,9,27,1,1,1,2,12,1,5,7,48,1,5,0,2,2,36,210,1,155,0,2,1,1,5,29,8,1,0
2025,5,401772922,"Buffalo Bills","New England Patriots",253,2,16,1,23,118,0,5,9,2,2,3,5,9,0,4,11,90,1,8,0,2,2,45,273,0,71,2,1,0,1,4,6,7,3,0,273,0,13,0,32,71,2,5,13,2,1,1,3,13,0,6,8,93,4,6,0,3,3,52,253,2,118,0,3,1,2,1,8,4,1,0
2025,5,401772814,"Jacksonville Jaguars","Kansas City Chiefs",221,1,8,1,44,109,2,9,8,1,1,2,5,12,0,4,4,25,3,11,0,1,1,52,318,1,158,3,1,1,0,0,0,4,0,0,318,1,15,1,34,158,3,11,33,0,0,1,5,9,0,4,13,109,0,0,0,0,0,0,221,1,109,2,2,1,1,3,11,7,3,0
2025,6,401772940,"New York Giants","Philadelphia Eagles",195,1,8,0,35,172,4,14,18,0,0,0,11,19,0,4,6,55,2,1,0,0,0,0,283,1,73,1,2,1,1,3,17,3,4,0,283,1,14,1,36,73,1,5,18,1,1,2,1,9,2,7,4,46,3,17,0,1,1,42,195,1,172,4,0,0,0,2,1,3,0,0
2025,6,401772634,"New York Jets","Denver Broncos",45,0,2,0,11,92,0,6,8,1,0,0,2,16,1,12,2,15,9,55,0,3,3,52,174,1,78,0,1,0,1,1,6,3,1,0,174,1,9,0,26,78,0,3,8,2,1,1,5,17,1,9,6,37,1,6,0,2,2,57,45,0,92,0,0,0,0,9,55,11,2,0
2025,6,401772856,"Indianapolis Colts","Arizona Cardinals",212,2,13,1,26,150,2,11,30,0,0,1,4,8,0,5,5,40,1,7,0,1,1,45,320,2,88,1,1,1,0,2,8,12,3,0,320,2,17,1,30,88,1,7,11,0,0,1,9,15,0,5,7,65,2,8,0,2,2,44,212,2,150,2,1,1,0,1,7,6,1,0
2025,6,401772750,"Miami Dolphins","Los Angeles Chargers",213,1,10,3,45,137,2,7,49,0,0,3,5,12,0,5,4,45,2,9,0,2,3,47,264,2,140,0,1,0,1,1,1,7,0,0,264,2,12,0,42,140,0,7,38,2,1,1,6,15,1,9,7,45,1,1,0,5,5,35,213,1,137,2,3,3,0,2,9,4,1,0
2025,6,401772751,"New Orleans Saints","New England Patriots",227,0,7,0,53,73,1,7,8,1,1,1,3,10,0,6,8,67,2,4,0,4,4,54,261,3,73,0,0,0,0,1,1,4,6,0,261,3,12,0,53,73,0,5,7,2,0,0,6,19,1,7,11,65,1,1,0,1,1,24,227,0,73,1,1,0,1,2,4,4,2,0
2025,6,401772748,"Pittsburgh Steelers","Cleveland Browns",235,2,11,0,36,100,0,7,11,1,0,0,5,13,0,7,10,59,0,0,0,3,4,50,221,0,65,0,0,0,0,6,38,15,0,0,221,0,10,0,24,65,0,6,12,0,0,0,6,21,2,10,6,44,6,38,0,3,3,53,235,2,100,0,0,0,0,0,0,3,5,0
2025,6,401772858,"Carolina Panthers","Dallas Cowboys",199,3,11,1,36,216,0,14,15,2,0,1,3,11,1,5,6,57,1,5,0,3,3,55,261,3,31,0,0,0,0,0,0,2,3,0,261,3,12,0,45,31,0,1,6,1,0,0,5,14,2,8,6,37,0,0,0,2,2,28,199,3,216,0,1,1,0,1,5,5,0,0
2025,6,401772857,"Jacksonville Jaguars","Seattle Seahawks",258,2,13,0,26,59,0,3,8,0,0,0,4,17,3,12,10,76,7,44,0,0,1,0,295,2,60,0,0,0,0,1,9,4,5,0,295,2,10,0,61,60,0,2,10,1,0,0,1,12,0,10,7,56,1,9,0,2,2,53,258,2,59,0,0,0,0,7,44,13,2,0
2025,6,401772855,"Baltimore Ravens","Los Angeles Rams",140,0,6,1,18,179,0,11,12,3,2,3,7,21,2,9,7,80,4,23,0,1,1,37,181,1,74,1,1,0,1,2,14,2,2,0,181,1,10,0,30,74,1,4,13,2,1,1,4,11,1,7,6,40,2,14,0,1,2,36,140,0,179,0,3,1,2,4,23,11,3,0
2025,6,401772859,"Las Vegas Raiders","Tennessee Titans",174,1,9,1,37,68,1,4,13,0,0,1,6,17,1,10,6,27,2,16,0,2,2,50,222,1,65,0,3,1,2,6,62,8,1,0,222,1,11,1,23,65,0,3,17,2,2,3,3,14,2,9,7,34,6,62,0,1,1,46,174,1,68,1,1,1,0,2,16,7,6,0
2025,6,401772752,"Green Bay Packers","Cincinnati Bengals",259,1,11,1,35,153,2,12,16,0,0,1,5,11,1,5,5,40,1,3,0,2,2,43,219,2,55,0,0,0,0,1,6,5,2,0,219,2,12,0,19,55,0,5,13,0,0,0,6,15,2,9,3,17,1,6,0,1,3,45,259,1,153,2,1,1,0,1,3,4,1,0
2025,6,401772749,"Tampa Bay Buccaneers","San Francisco 49ers",256,2,9,0,45,104,2,9,10,1,0,0,3,9,0,5,5,31,1,8,0,1,2,45,347,0,67,1,2,2,0,6,51,8,1,0,347,0,10,2,56,67,1,6,11,1,0,2,7,17,0,9,9,65,6,51,0,4,4,54,256,2,104,2,0,0,0,1,8,1,2,0
2025,6,401772923,"Kansas City Chiefs","Detroit Lions",257,3,16,0,30,112,1,8,11,1,0,0,4,11,2,5,0,0,3,14,0,1,1,33,203,2,98,0,0,0,0,1,4,4,1,0,203,2,13,0,26,98,0,5,15,1,0,0,5,11,0,8,4,38,1,4,0,1,1,28,257,3,112,1,0,0,0,3,14,3,0,0
2025,6,401772815,"Atlanta Falcons","Buffalo Bills",250,1,10,0,39,210,2,9,81,0,0,0,5,15,0,7,6,35,2,17,0,1,2,33,180,2,134,0,2,2,0,4,23,6,0,0,180,2,8,2,45,134,0,7,14,2,0,2,2,10,0,7,8,64,4,23,0,0,0,0,250,1,210,2,0,0,0,2,17,4,6,0
2025,6,401772717,"Washington Commanders","Chicago Bears",211,3,11,1,37,124,0,7,11,3,2,3,3,10,1,4,5,40,3,6,0,1,2,53,252,1,145,1,0,0,0,3,16,4,2,0,252,1,10,0,55,145,1,8,19,0,0,0,3,11,0,7,9,84,3,16,0,4,5,48,211,3,124,0,3,1,2,3,6,2,2,0
2025,7,401772941,"Cincinnati Bengals","Pittsburgh Steelers",342,3,16,0,37,142,0,8,37,0,0,0,7,16,1,7,4,35,2,14,0,4,4,49,249,4,147,0,2,2,0,0,0,2,0,0,249,4,12,2,68,147,0,7,37,0,0,2,7,10,0,4,7,59,0,0,0,1,1,41,342,3,142,0,0,0,0,2,14,5,0,0
2025,7,401772635,"Jacksonville Jaguars","Los Angeles Rams",296,1,13,0,39,94,0,5,13,1,0,0,3,16,2,12,12,102,7,32,0,0,1,0,182,5,89,0,0,0,0,0,0,4,1,0,182,5,14,0,31,89,0,4,10,0,0,0,2,15,2,9,5,45,0,0,0,0,0,0,296,1,94,0,0,0,0,7,32,11,0,0
2025,7,401772861,"Chicago Bears","New Orleans Saints",172,0,10,1,26,222,2,13,24,2,0,1,3,15,1,9,10,92,1,8,0,4,4,39,233,2,44,0,4,3,1,4,24,7,2,0,233,2,9,3,57,44,0,3,7,1,1,4,3,11,0,6,5,30,4,24,0,0,1,0,172,0,222,2,1,1,0,1,8,4,1,0
2025,7,401772754,"Cleveland Browns","Miami Dolphins",116,0,6,0,23,104,3,5,46,1,0,0,4,14,0,8,5,37,2,14,0,1,1,30,153,0,99,0,4,3,1,4,33,6,3,0,153,0,7,3,40,99,0,3,46,6,1,4,1,14,2,12,11,103,4,33,0,2,2,33,116,0,104,3,0,0,0,2,14,3,6,0
2025,7,401772755,"Tennessee Titans","New England Patriots",255,1,14,1,38,39,0,1,8,1,1,2,3,11,0,7,3,15,5,39,0,2,2,50,234,2,175,1,0,0,0,4,22,4,2,0,234,2,13,0,39,175,1,9,16,0,0,0,5,13,2,8,5,36,4,22,0,1,1,36,255,1,39,0,2,1,1,5,39,5,2,0
2025,7,401772753,"Kansas City Chiefs","Las Vegas Raiders",286,3,16,0,44,152,1,12,13,1,0,0,9,18,1,6,5,38,1,4,0,1,1,38,75,0,25,0,1,0,1,1,5,2,0,0,75,0,2,0,14,25,0,0,8,3,1,1,0,9,0,7,8,58,1,5,0,0,0,0,286,3,152,1,0,0,0,1,4,3,3,0
2025,7,401772862,"Minnesota Vikings","Philadelphia Eagles",313,0,13,2,40,89,1,7,12,2,0,2,7,15,1,8,3,30,2,15,0,5,5,59,326,3,45,0,0,0,0,3,10,3,5,0,326,3,9,0,79,45,0,4,11,0,0,0,3,11,2,8,8,64,3,10,0,0,1,0,313,0,89,1,2,2,0,2,15,8,4,0
2025,7,401772860,"New York Jets","Carolina Panthers",172,0,8,2,35,81,0,3,8,0,0,2,7,17,0,8,5,26,6,33,0,2,2,47,198,1,125,0,0,0,0,2,21,7,3,0,198,1,10,0,33,125,0,7,13,1,0,0,5,18,3,14,6,45,2,21,0,2,2,30,172,0,81,0,2,2,0,6,33,9,0,0
2025,7,401772757,"Denver Broncos","New York Giants",279,2,15,0,32,142,2,8,32,1,0,0,4,14,1,9,11,89,2,14,0,1,1,39,283,3,119,2,1,1,0,4,15,8,2,0,283,3,12,1,44,119,2,7,31,0,0,1,6,23,2,8,8,36,4,15,0,0,0,0,279,2,142,2,0,0,0,2,14,5,2,0
2025,7,401772756,"Los Angeles Chargers","Indianapolis Colts",420,3,19,2,53,54,0,4,5,0,0,2,8,20,3,7,6,35,3,29,0,1,1,43,288,2,117,3,0,0,0,1,7,5,2,0,288,2,14,0,48,117,3,9,23,1,0,0,5,11,3,5,3,42,1,7,0,1,1,36,420,3,54,0,2,2,0,3,29,15,1,0
2025,7,401772864,"Dallas Cowboys","Washington Commanders",264,3,11,0,74,152,1,7,33,1,0,0,6,15,0,6,10,79,1,7,0,3,3,61,219,1,136,2,2,1,1,4,14,6,2,0,219,1,8,1,44,136,2,8,25,1,1,2,7,18,0,10,11,118,4,14,0,0,0,0,264,3,152,1,0,0,0,1,7,4,2,0
2025,7,401772863,"Arizona Cardinals","Green Bay Packers",279,2,13,0,43,94,0,5,9,1,1,1,7,16,0,6,6,55,6,43,0,3,3,40,179,1,94,2,0,0,0,1,11,2,3,0,179,1,10,0,22,94,2,5,10,2,0,0,3,10,2,7,10,94,1,11,0,2,2,61,279,2,94,0,1,0,1,6,43,11,4,0
2025,7,401772924,"San Francisco 49ers","Atlanta Falcons",152,0,10,1,17,174,2,12,15,0,0,1,9,15,0,5,3,25,1,2,0,2,2,55,241,1,62,0,1,0,1,2,11,5,1,0,241,1,13,0,38,62,0,3,8,1,1,1,5,12,0,6,6,43,2,11,0,1,1,38,152,0,174,2,1,1,0,1,2,4,5,0
2025,7,401772816,"Detroit Lions","Tampa Bay Buccaneers",241,1,9,1,30,164,2,6,78,1,1,2,3,15,1,9,6,50,4,26,0,1,2,58,228,1,41,0,2,1,1,4,18,8,0,0,228,1,11,1,30,41,0,2,7,2,1,2,4,16,2,12,6,35,4,18,0,1,1,53,241,1,164,2,2,1,1,4,26,9,3,0
2025,7,401772826,"Seattle Seahawks","Houston Texans",213,1,9,2,32,118,2,6,16,2,2,4,2,15,2,10,12,93,2,15,0,2,3,47,229,1,56,0,1,1,0,3,31,7,5,0,229,1,13,1,29,56,0,1,11,0,0,1,2,15,1,13,10,105,3,31,0,2,2,46,213,1,118,2,4,2,2,2,15,5,6,0
2025,8,401772942,"Los Angeles Chargers","Minnesota Vikings",227,3,13,1,40,207,1,14,21,0,0,1,9,13,0,4,8,46,2,15,0,3,4,45,157,1,34,0,1,1,0,5,27,8,2,0,157,1,9,1,17,34,0,1,10,1,0,1,3,11,0,9,8,66,5,27,0,1,2,54,227,3,207,1,1,1,0,2,15,8,8,0
2025,8,401772760,"Atlanta Falcons","Miami Dolphins",173,0,7,0,25,45,1,3,12,1,1,1,2,12,2,9,8,76,1,5,0,1,1,45,205,4,141,0,0,0,0,1,8,2,3,0,205,4,10,0,43,141,0,11,13,0,0,0,6,14,1,7,4,54,1,8,0,2,2,36,173,0,45,1,1,0,1,1,5,4,3,0
2025,8,401772758,"Cincinnati Bengals","New York Jets",223,2,11,0,44,181,3,12,32,0,0,0,4,10,0,5,2,15,1,6,0,1,1,26,248,2,254,2,0,0,0,0,0,1,3,0,248,2,13,0,34,254,2,11,50,0,0,0,7,15,2,8,4,25,0,0,0,3,3,46,223,2,181,3,0,0,0,1,6,2,2,0
2025,8,401772868,"New England Patriots","Cleveland Browns",282,3,11,1,44,177,0,10,27,2,1,2,3,15,0,6,7,54,6,37,0,3,3,42,156,2,68,0,2,2,0,1,11,2,2,0,156,2,7,2,21,68,0,4,31,0,0,2,2,12,1,9,5,31,1,11,0,0,1,0,282,3,177,0,2,1,1,6,37,8,5,0
2025,8,401772867,"Philadelphia Eagles","New York Giants",179,4,10,0,40,276,1,12,65,0,0,0,2,9,2,6,5,30,4,28,0,1,2,40,193,1,68,1,0,0,0,5,15,6,1,0,193,1,9,0,34,68,1,4,6,0,0,0,5,13,1,9,7,54,5,15,0,2,2,47,179,4,276,1,0,0,0,4,28,4,1,0
2025,8,401772865,"Carolina Panthers","Buffalo Bills",175,0,11,1,22,114,1,5,24,3,2,3,4,11,1,7,4,20,7,45,0,1,2,48,185,1,245,4,0,0,0,2,20,2,3,0,185,1,10,0,54,245,4,12,64,0,0,0,7,14,0,6,7,60,2,20,0,2,2,45,175,0,114,1,3,1,2,7,45,8,1,0
2025,8,401772759,"Baltimore Ravens","Chicago Bears",186,1,8,0,36,177,2,13,25,1,0,0,4,12,1,7,6,45,2,8,0,3,3,42,285,0,96,1,1,1,0,1,9,4,4,0,285,0,13,1,42,96,1,5,15,1,0,1,6,15,0,8,11,79,1,9,0,3,4,47,186,1,177,2,0,0,0,2,8,3,2,0
2025,8,401772866,"Houston Texans","San Francisco 49ers",318,2,16,1,50,157,0,6,23,1,0,1,9,17,1,7,8,55,0,0,0,4,4,37,193,2,48,0,1,1,0,2,18,6,1,0,193,2,10,1,27,48,0,2,9,0,0,1,3,11,0,6,4,30,2,18,0,0,0,0,318,2,157,0,1,1,0,0,0,2,2,0
2025,8,401772869,"New Orleans Saints","Tampa Bay Buccaneers",264,0,13,2,28,48,0,4,5,2,2,4,8,18,2,7,8,40,5,37,0,1,1,48,152,0,88,1,1,0,1,3,28,3,0,0,152,0,8,0,24,88,1,5,15,2,1,1,3,14,1,8,4,25,3,28,0,3,3,55,264,0,48,0,4,2,2,5,37,7,1,0
2025,8,401772762,"Denver Broncos","Dallas Cowboys",247,4,15,1,39,179,2,8,40,0,0,1,5,11,0,3,7,42,0,0,0,1,1,42,246,1,108,2,2,2,0,2,15,8,0,0,246,1,12,2,35,108,2,8,14,1,0,2,4,15,1,7,9,80,2,15,0,1,1,24,247,4,179,2,1,1,0,0,0,1,3,0
2025,8,401772761,"Indianapolis Colts","Tennessee Titans",272,3,14,0,50,164,2,7,80,0,0,0,3,10,1,6,3,32,3,16,0,1,1,43,259,1,113,1,1,1,0,4,31,6,4,0,259,1,13,1,26,113,1,5,41,0,0,1,6,16,1,9,3,34,4,31,0,0,1,0,272,3,164,2,0,0,0,3,16,5,1,0
2025,8,401772925,"Pittsburgh Steelers","Green Bay Packers",219,2,10,0,45,93,0,4,17,2,1,1,1,12,1,10,6,65,3,17,0,4,4,56,360,3,94,1,0,0,0,0,0,5,0,0,360,3,16,0,59,94,1,5,15,1,0,0,5,12,1,7,5,47,0,0,0,2,4,28,219,2,93,0,1,0,1,3,17,5,2,0
2025,8,401772817,"Kansas City Chiefs","Washington Commanders",299,3,16,2,38,148,1,8,13,2,0,2,4,11,2,3,9,95,3,15,0,0,0,0,213,1,60,0,2,2,0,2,13,4,0,0,213,1,9,2,25,60,0,4,8,1,0,2,7,13,0,5,3,35,2,13,0,0,0,0,299,3,148,1,2,2,0,3,15,7,0,0
2025,9,401772943,"Miami Dolphins","Baltimore Ravens",261,0,12,1,28,87,0,4,22,2,2,3,2,12,2,10,5,45,2,16,0,2,3,49,204,4,150,0,0,0,0,2,16,4,3,0,204,4,11,0,39,150,0,7,35,0,0,0,5,13,1,7,5,56,2,16,0,0,0,0,261,0,87,0,3,1,2,2,16,3,3,0
2025,9,401772765,"Cincinnati Bengals","Chicago Bears",470,4,22,2,44,46,0,3,12,1,1,3,5,11,1,5,7,49,3,21,0,2,3,41,302,4,283,2,0,0,0,2,9,7,0,0,302,4,17,0,58,283,2,11,39,0,0,0,8,17,2,8,7,43,2,9,0,2,3,36,470,4,46,0,3,2,1,3,21,5,1,0
2025,9,401772871,"Detroit Lions","Minnesota Vikings",284,2,11,0,40,65,1,3,11,1,1,1,5,19,3,11,10,76,5,44,0,1,2,41,143,2,142,1,1,1,0,5,27,9,2,0,143,2,8,1,31,142,1,7,31,1,0,1,4,14,0,6,7,56,5,27,0,2,2,50,284,2,65,1,1,0,1,5,44,11,1,0
2025,9,401772872,"Green Bay Packers","Carolina Panthers",273,0,13,1,52,104,1,7,18,1,1,2,7,14,2,6,7,42,1,8,0,2,3,49,102,0,163,2,1,1,0,1,0,2,1,0,102,0,6,1,22,163,2,11,29,1,0,1,4,12,2,6,5,39,1,0,0,1,1,49,273,0,104,1,2,1,1,1,8,6,2,0
2025,9,401772764,"Tennessee Titans","Los Angeles Chargers",145,0,7,0,29,88,0,3,16,2,0,0,1,11,0,8,7,60,4,27,0,2,2,49,250,2,131,1,1,1,0,6,38,10,1,0,250,2,12,1,34,131,1,8,9,1,0,1,7,13,0,6,3,20,6,38,0,2,2,52,145,0,88,0,0,0,0,4,27,5,0,0
2025,9,401772763,"New England Patriots","Atlanta Falcons",259,2,14,1,58,110,1,9,11,2,1,2,8,12,0,4,2,15,6,38,0,1,1,32,221,3,71,0,0,0,0,1,4,4,1,0,221,3,13,0,40,71,0,3,15,1,0,0,1,10,2,9,5,40,1,4,0,1,1,38,259,2,110,1,2,1,1,6,38,6,1,0
2025,9,401772767,"New York Giants","San Francisco 49ers",191,2,7,0,24,117,1,10,14,0,0,0,5,14,0,7,5,23,2,12,0,1,2,22,235,2,159,2,1,0,1,2,14,3,5,0,235,2,13,0,39,159,2,10,18,1,1,1,6,12,1,5,6,34,2,14,0,2,2,54,191,2,117,1,0,0,0,2,12,3,0,0
2025,9,401772766,"Pittsburgh Steelers","Indianapolis Colts",203,1,10,0,18,38,2,5,8,2,2,2,4,13,1,9,8,46,3,16,0,2,2,46,342,1,55,1,5,3,2,5,29,6,1,0,342,1,17,3,36,55,1,6,9,3,2,5,6,14,5,8,5,53,5,29,0,2,2,53,203,1,38,2,2,0,2,3,16,3,3,0
2025,9,401772870,"Houston Texans","Denver Broncos",216,0,11,0,47,77,0,2,8,1,1,1,3,17,1,15,4,29,4,25,0,5,6,41,173,2,100,0,1,1,0,1,2,4,1,0,173,2,9,1,30,100,0,6,12,0,0,1,6,15,0,9,4,41,1,2,0,1,2,34,216,0,77,0,1,0,1,4,25,6,1,0
2025,9,401772873,"Las Vegas Raiders","Jacksonville Jaguars",284,4,17,1,27,57,0,5,13,0,0,1,7,10,0,4,7,55,2,10,0,1,1,24,220,0,151,3,1,1,0,1,4,2,5,0,220,0,9,1,34,151,3,15,20,1,0,1,9,16,3,7,9,80,1,4,0,3,3,68,284,4,57,0,1,1,0,2,10,3,4,0
2025,9,401772874,"Los Angeles Rams","New Orleans Saints",281,4,14,0,39,171,1,13,21,0,0,0,7,14,2,6,3,32,2,14,0,0,1,0,176,1,57,0,2,1,1,1,9,2,1,0,176,1,8,1,27,57,0,1,29,1,1,2,2,9,0,8,5,33,1,9,0,1,1,39,281,4,171,1,0,0,0,2,14,4,2,0
2025,9,401772768,"Buffalo Bills","Kansas City Chiefs",273,1,13,0,47,141,3,9,17,0,0,0,7,12,0,5,4,40,3,10,0,0,1,0,250,0,79,2,1,1,0,3,24,14,2,0,250,0,10,1,40,79,2,5,13,0,0,1,3,13,2,8,3,25,3,24,0,2,2,46,273,1,141,3,0,0,0,3,10,5,1,0
2025,9,401772926,"Washington Commanders","Seattle Seahawks",153,0,8,1,25,157,2,9,12,1,1,2,6,15,1,7,8,87,4,20,0,0,0,0,330,4,88,1,1,1,0,0,0,1,2,0,330,4,13,1,60,88,1,5,12,1,0,1,7,12,0,3,5,44,0,0,0,1,1,41,153,0,157,2,2,1,1,4,20,5,2,0
2025,9,401772818,"Dallas Cowboys","Arizona Cardinals",250,1,14,1,33,123,0,8,19,4,2,3,5,13,0,6,6,55,5,40,0,1,2,26,261,2,119,1,0,0,0,5,40,11,2,0,261,2,14,0,50,119,1,8,19,1,0,0,7,15,0,6,2,10,5,40,0,2,2,48,250,1,123,0,3,1,2,5,40,9,1,0
2025,10,401772944,"Denver Broncos","Las Vegas Raiders",150,1,5,2,43,84,0,5,13,0,0,2,5,16,0,10,11,78,2,14,0,1,2,32,143,0,74,1,1,1,0,6,29,8,2,0,143,0,6,1,31,74,1,4,10,2,0,1,4,16,0,12,11,83,6,29,0,0,1,0,150,1,84,0,2,2,0,2,14,4,2,0
2025,10,401772636,"Indianapolis Colts","Atlanta Falcons",255,1,10,1,37,323,3,15,83,4,1,2,2,13,2,8,7,56,7,59,0,2,3,44,177,1,140,2,1,0,1,3,27,3,1,0,177,1,10,0,30,140,2,10,16,1,1,1,0,9,0,7,3,35,3,27,0,1,1,43,255,1,323,3,2,1,1,7,59,7,2,0
2025,10,401772875,"Chicago Bears","New York Giants",220,1,11,0,27,171,2,8,25,0,0,0,3,12,1,8,3,25,0,0,0,1,1,22,287,0,169,2,1,0,1,4,25,8,3,0,287,0,11,0,41,169,2,8,24,1,1,1,5,15,1,10,10,69,4,25,0,2,2,32,220,1,171,2,0,0,0,0,0,3,1,0
2025,10,401772771,"Miami Dolphins","Buffalo Bills",173,2,9,2,38,197,2,9,59,0,0,2,3,9,0,4,5,35,0,0,0,1,1,46,306,2,87,0,3,1,2,3,17,7,3,0,306,2,12,1,35,87,0,4,15,2,2,3,5,16,1,7,6,67,3,17,0,0,0,0,173,2,197,2,2,2,0,0,0,2,6,0
2025,10,401772876,"Minnesota Vikings","Baltimore Ravens",248,1,9,2,62,120,1,6,17,2,1,3,3,17,2,10,13,102,1,3,0,2,2,49,176,1,152,1,0,0,0,1,7,4,1,0,176,1,9,0,27,152,1,11,22,3,0,0,6,15,0,9,5,62,1,7,0,4,5,44,248,1,120,1,3,2,1,1,3,12,2,0
2025,10,401772769,"New York Jets","Cleveland Browns",54,1,1,1,42,127,0,8,30,0,0,1,3,12,0,8,7,61,3,12,0,2,2,37,167,2,158,0,0,0,0,6,47,7,3,0,167,2,8,0,24,158,0,10,16,0,0,0,6,19,0,11,10,78,6,47,0,2,2,45,54,1,127,0,1,1,0,3,12,7,8,0
2025,10,401772772,"Tampa Bay Buccaneers","New England Patriots",273,3,14,0,31,113,0,9,18,1,0,0,5,13,0,10,6,40,2,15,0,1,1,36,270,2,166,2,1,1,0,1,1,6,2,0,270,2,9,1,72,166,2,5,69,0,0,1,5,15,2,8,5,49,1,1,0,0,0,0,273,3,113,0,0,0,0,2,15,5,1,0
2025,10,401772877,"Carolina Panthers","New Orleans Saints",124,0,6,1,26,73,1,5,14,2,2,3,3,12,0,6,1,5,2,22,0,0,1,0,282,2,122,0,0,0,0,2,16,5,3,0,282,2,9,0,62,122,0,8,16,0,0,0,8,18,2,9,6,60,2,16,0,1,1,20,124,0,73,1,3,1,2,2,22,3,1,0
2025,10,401772770,"Houston Texans","Jacksonville Jaguars",292,2,17,1,54,130,2,8,21,2,1,2,10,16,1,5,11,80,2,10,0,1,1,23,158,1,94,1,2,1,1,5,39,5,4,0,158,1,7,1,23,94,1,6,13,2,1,2,4,12,0,7,9,90,5,39,0,3,3,53,292,2,130,2,2,1,1,2,10,3,2,0
2025,10,401772773,"Seattle Seahawks","Arizona Cardinals",178,1,6,1,67,198,2,14,30,4,2,3,6,10,0,3,3,20,1,4,0,3,3,46,258,2,129,1,2,0,2,5,52,9,6,0,258,2,13,0,34,129,1,7,55,2,2,2,6,16,2,10,5,37,5,52,0,0,0,0,178,1,198,2,3,1,2,1,4,1,4,0
2025,10,401772879,"San Francisco 49ers","Los Angeles Rams",319,3,16,1,22,74,1,8,13,1,1,2,3,8,1,6,7,45,0,0,0,0,0,0,280,4,126,2,0,0,0,1,5,7,3,0,280,4,20,0,32,126,2,9,15,0,0,0,5,10,1,4,0,0,1,5,0,0,0,0,319,3,74,1,2,1,1,0,0,1,2,0
2025,10,401772878,"Washington Commanders","Detroit Lions",213,2,9,0,41,93,1,5,9,0,0,0,2,11,3,8,8,61,2,18,0,1,1,44,320,3,226,2,0,0,0,0,0,5,0,0,320,3,19,0,41,226,2,11,43,0,0,0,5,10,2,5,3,1,0,0,0,3,3,48,213,2,93,1,0,0,0,2,18,5,2,0
2025,10,401772927,"Los Angeles Chargers","Pittsburgh Steelers",220,1,7,0,58,115,1,11,12,1,1,1,6,19,1,11,8,55,5,21,0,3,4,59,161,1,73,0,2,2,0,3,13,5,1,0,161,1,6,2,27,73,0,4,14,1,0,2,2,11,0,7,4,29,3,13,0,1,2,59,220,1,115,1,1,0,1,5,21,9,5,0
2025,10,401772630,"Green Bay Packers","Philadelphia Eagles",176,0,10,0,25,104,1,7,11,3,2,2,5,14,1,10,4,20,3,19,0,0,1,0,183,1,111,0,1,0,1,0,0,0,5,0,183,1,8,0,41,111,0,4,15,1,1,1,7,19,0,10,7,61,0,0,0,1,1,39,176,0,104,1,2,0,2,3,19,8,3,0
2025,11,401772945,"New England Patriots","New York Jets",281,1,16,0,26,65,2,4,9,0,0,0,6,13,1,6,2,20,1,10,0,2,3,44,116,1,140,1,1,0,1,2,11,6,0,0,116,1,5,0,22,140,1,10,11,1,1,1,8,14,0,6,7,62,2,11,0,0,0,0,281,1,65,2,0,0,0,1,10,4,3,0
2025,11,401772631,"Miami Dolphins","Washington Commanders",171,0,8,0,31,169,1,11,23,1,1,1,3,9,0,7,4,39,3,29,0,3,3,46,213,1,172,0,1,1,0,1,6,5,3,0,213,1,10,1,28,172,0,9,17,0,0,1,6,14,1,8,6,31,1,6,0,2,4,30,171,0,169,1,1,0,1,3,29,3,3,0
2025,11,401772882,"Atlanta Falcons","Carolina Panthers",223,0,11,0,41,125,3,8,19,2,1,1,4,14,0,8,6,44,0,0,0,2,2,52,448,3,67,0,0,0,0,5,29,10,1,0,448,3,20,0,54,67,0,2,6,1,0,0,6,17,3,11,8,49,5,29,0,3,3,34,223,0,125,3,1,0,1,0,0,1,2,0
2025,11,401772776,"Buffalo Bills","Tampa Bay Buccaneers",317,3,13,2,52,97,3,4,9,1,0,2,6,13,1,5,7,45,0,0,0,1,1,39,173,1,202,3,3,1,2,1,8,3,2,0,173,1,6,1,28,202,3,13,43,2,2,3,9,16,1,7,2,30,1,8,0,2,2,24,317,3,97,3,2,2,0,0,0,1,2,0
2025,11,401772881,"Tennessee Titans","Houston Texans",194,1,10,0,39,58,0,2,7,1,1,1,6,19,0,8,9,62,3,23,0,2,2,56,274,1,75,0,0,0,0,4,34,7,5,0,274,1,13,0,23,75,0,5,12,1,0,0,4,14,0,11,5,53,4,34,0,3,3,43,194,1,58,0,1,0,1,3,23,5,1,0
2025,11,401772880,"Minnesota Vikings","Chicago Bears",150,1,10,2,27,115,1,4,16,1,0,2,3,12,1,8,2,15,0,0,0,1,1,31,193,0,140,1,0,0,0,2,13,5,7,0,193,0,6,0,24,140,1,13,11,1,0,0,7,19,0,12,6,40,2,13,0,4,5,54,150,1,115,1,2,2,0,0,0,5,0,0
2025,11,401772883,"New York Giants","Green Bay Packers",201,0,10,1,20,142,3,10,17,1,1,2,7,16,3,6,6,77,2,7,0,0,0,0,180,3,128,1,0,0,0,2,12,8,0,0,180,3,11,0,33,128,1,7,17,2,0,0,7,11,0,4,5,48,2,12,0,0,0,0,201,0,142,3,2,1,1,2,7,4,1,0
2025,11,401772774,"Pittsburgh Steelers","Cincinnati Bengals",243,2,13,0,31,111,0,6,35,0,0,0,7,14,1,6,8,76,1,11,0,2,2,30,199,1,105,0,2,1,1,1,7,3,0,0,199,1,9,1,28,105,0,6,35,1,1,2,7,17,0,6,8,67,1,7,0,2,2,48,243,2,111,0,0,0,0,1,11,4,1,0
2025,11,401772775,"Jacksonville Jaguars","Los Angeles Chargers",153,1,11,1,21,192,4,16,15,0,0,1,5,11,3,5,1,5,0,0,0,0,0,0,118,0,42,0,1,1,0,3,25,5,2,0,118,0,4,1,30,42,0,3,6,0,0,1,3,12,1,10,5,71,3,25,0,2,2,46,153,1,192,4,1,1,0,0,0,2,2,0
2025,11,401772884,"Los Angeles Rams","Seattle Seahawks",130,2,6,0,23,119,1,5,34,1,1,1,2,12,2,9,6,43,0,0,0,0,0,0,279,0,135,1,4,4,0,0,0,3,0,0,279,0,15,4,28,135,1,9,25,1,0,4,7,16,1,7,6,47,0,0,0,4,5,57,130,2,119,1,1,0,1,0,0,3,2,0
2025,11,401772885,"Arizona Cardinals","San Francisco 49ers",452,2,18,2,34,36,1,5,7,1,1,3,6,15,0,6,17,130,0,0,0,1,2,26,200,3,95,2,0,0,0,1,14,3,2,0,200,3,13,0,30,95,2,8,20,0,0,0,3,9,0,5,1,15,1,14,0,3,3,48,452,2,36,1,3,2,1,0,0,4,2,0
2025,11,401772777,"Cleveland Browns","Baltimore Ravens",115,0,4,1,26,106,0,5,19,2,1,2,2,14,0,12,5,41,3,34,0,3,3,46,193,0,184,2,2,2,0,5,26,7,5,0,193,0,9,2,45,184,2,8,59,0,0,2,5,14,1,9,4,26,5,26,0,3,3,44,115,0,106,0,2,1,1,3,34,10,3,0
2025,11,401772778,"Denver Broncos","Kansas City Chiefs",295,0,11,0,48,59,1,5,7,0,0,0,7,15,0,10,10,147,2,12,0,5,5,54,276,1,62,1,1,1,0,3,27,8,1,0,276,1,13,1,61,62,1,3,11,1,0,1,5,16,0,8,10,69,3,27,0,2,2,31,295,0,59,1,0,0,0,2,12,5,3,0
2025,11,401772928,"Philadelphia Eagles","Detroit Lions",135,0,6,0,34,148,1,7,17,1,0,0,4,19,0,13,9,78,1,11,0,3,3,49,255,1,74,0,1,1,0,2,12,7,1,0,255,1,10,1,42,74,0,3,11,1,0,1,3,13,0,11,5,48,2,12,0,1,1,54,135,0,148,1,0,0,0,1,11,1,3,0
2025,11,401772819,"Las Vegas Raiders","Dallas Cowboys",238,1,12,1,26,27,0,4,11,0,0,1,3,13,2,10,6,40,4,29,0,3,3,45,268,4,114,0,1,0,1,1,1,4,1,0,268,4,16,0,37,114,0,7,16,1,1,1,4,11,1,6,6,50,1,1,0,1,1,50,238,1,27,0,1,1,0,4,29,10,4,0
2025,12,401772946,"Houston Texans","Buffalo Bills",153,2,7,0,33,108,0,6,19,0,0,0,2,12,1,11,5,40,0,0,0,3,3,43,253,0,143,1,3,2,1,8,70,11,2,0,253,0,9,2,44,143,1,5,45,1,1,3,5,16,3,11,6,54,8,70,0,2,2,44,153,2,108,0,0,0,0,0,0,4,1,0
2025,12,401772780,"Chicago Bears","Pittsburgh Steelers",0,0,0,0,0,0,0,0,0,0,0,0,0,0,0,0,0,0,0,0,0,0,0,0,0,0,0,0,0,0,0,0,0,0,0,0,0,0,0,0,0,0,0,0,0,0,0,0,0,0,0,0,0,0,0,0,0,0,0,0,0,0,0,0,0,0,0,0,0,0,0,0
2025,12,401772781,"Cincinnati Bengals","New England Patriots",0,0,0,0,0,0,0,0,0,0,0,0,0,0,0,0,0,0,0,0,0,0,0,0,0,0,0,0,0,0,0,0,0,0,0,0,0,0,0,0,0,0,0,0,0,0,0,0,0,0,0,0,0,0,0,0,0,0,0,0,0,0,0,0,0,0,0,0,0,0,0,0
2025,12,401772888,"Detroit Lions","New York Giants",0,0,0,0,0,0,0,0,0,0,0,0,0,0,0,0,0,0,0,0,0,0,0,0,0,0,0,0,0,0,0,0,0,0,0,0,0,0,0,0,0,0,0,0,0,0,0,0,0,0,0,0,0,0,0,0,0,0,0,0,0,0,0,0,0,0,0,0,0,0,0,0
2025,12,401772887,"Green Bay Packers","Minnesota Vikings",0,0,0,0,0,0,0,0,0,0,0,0,0,0,0,0,0,0,0,0,0,0,0,0,0,0,0,0,0,0,0,0,0,0,0,0,0,0,0,0,0,0,0,0,0,0,0,0,0,0,0,0,0,0,0,0,0,0,0,0,0,0,0,0,0,0,0,0,0,0,0,0
2025,12,401772886,"Tennessee Titans","Seattle Seahawks",0,0,0,0,0,0,0,0,0,0,0,0,0,0,0,0,0,0,0,0,0,0,0,0,0,0,0,0,0,0,0,0,0,0,0,0,0,0,0,0,0,0,0,0,0,0,0,0,0,0,0,0,0,0,0,0,0,0,0,0,0,0,0,0,0,0,0,0,0,0,0,0
2025,12,401772779,"Kansas City Chiefs","Indianapolis Colts",0,0,0,0,0,0,0,0,0,0,0,0,0,0,0,0,0,0,0,0,0,0,0,0,0,0,0,0,0,0,0,0,0,0,0,0,0,0,0,0,0,0,0,0,0,0,0,0,0,0,0,0,0,0,0,0,0,0,0,0,0,0,0,0,0,0,0,0,0,0,0,0
2025,12,401772782,"Baltimore Ravens","New York Jets",0,0,0,0,0,0,0,0,0,0,0,0,0,0,0,0,0,0,0,0,0,0,0,0,0,0,0,0,0,0,0,0,0,0,0,0,0,0,0,0,0,0,0,0,0,0,0,0,0,0,0,0,0,0,0,0,0,0,0,0,0,0,0,0,0,0,0,0,0,0,0,0
2025,12,401772784,"Las Vegas Raiders","Cleveland Browns",0,0,0,0,0,0,0,0,0,0,0,0,0,0,0,0,0,0,0,0,0,0,0,0,0,0,0,0,0,0,0,0,0,0,0,0,0,0,0,0,0,0,0,0,0,0,0,0,0,0,0,0,0,0,0,0,0,0,0,0,0,0,0,0,0,0,0,0,0,0,0,0
2025,12,401772783,"Arizona Cardinals","Jacksonville Jaguars",0,0,0,0,0,0,0,0,0,0,0,0,0,0,0,0,0,0,0,0,0,0,0,0,0,0,0,0,0,0,0,0,0,0,0,0,0,0,0,0,0,0,0,0,0,0,0,0,0,0,0,0,0,0,0,0,0,0,0,0,0,0,0,0,0,0,0,0,0,0,0,0
2025,12,401772890,"Dallas Cowboys","Philadelphia Eagles",0,0,0,0,0,0,0,0,0,0,0,0,0,0,0,0,0,0,0,0,0,0,0,0,0,0,0,0,0,0,0,0,0,0,0,0,0,0,0,0,0,0,0,0,0,0,0,0,0,0,0,0,0,0,0,0,0,0,0,0,0,0,0,0,0,0,0,0,0,0,0,0
2025,12,401772889,"New Orleans Saints","Atlanta Falcons",0,0,0,0,0,0,0,0,0,0,0,0,0,0,0,0,0,0,0,0,0,0,0,0,0,0,0,0,0,0,0,0,0,0,0,0,0,0,0,0,0,0,0,0,0,0,0,0,0,0,0,0,0,0,0,0,0,0,0,0,0,0,0,0,0,0,0,0,0,0,0,0
2025,12,401772929,"Los Angeles Rams","Tampa Bay Buccaneers",0,0,0,0,0,0,0,0,0,0,0,0,0,0,0,0,0,0,0,0,0,0,0,0,0,0,0,0,0,0,0,0,0,0,0,0,0,0,0,0,0,0,0,0,0,0,0,0,0,0,0,0,0,0,0,0,0,0,0,0,0,0,0,0,0,0,0,0,0,0,0,0
2025,12,401772820,"San Francisco 49ers","Carolina Panthers",0,0,0,0,0,0,0,0,0,0,0,0,0,0,0,0,0,0,0,0,0,0,0,0,0,0,0,0,0,0,0,0,0,0,0,0,0,0,0,0,0,0,0,0,0,0,0,0,0,0,0,0,0,0,0,0,0,0,0,0,0,0,0,0,0,0,0,0,0,0,0,0
2025,13,401772891,"Detroit Lions","Green Bay Packers",0,0,0,0,0,0,0,0,0,0,0,0,0,0,0,0,0,0,0,0,0,0,0,0,0,0,0,0,0,0,0,0,0,0,0,0,0,0,0,0,0,0,0,0,0,0,0,0,0,0,0,0,0,0,0,0,0,0,0,0,0,0,0,0,0,0,0,0,0,0,0,0
2025,13,401772694,"Dallas Cowboys","Kansas City Chiefs",0,0,0,0,0,0,0,0,0,0,0,0,0,0,0,0,0,0,0,0,0,0,0,0,0,0,0,0,0,0,0,0,0,0,0,0,0,0,0,0,0,0,0,0,0,0,0,0,0,0,0,0,0,0,0,0,0,0,0,0,0,0,0,0,0,0,0,0,0,0,0,0
2025,13,401772930,"Baltimore Ravens","Cincinnati Bengals",0,0,0,0,0,0,0,0,0,0,0,0,0,0,0,0,0,0,0,0,0,0,0,0,0,0,0,0,0,0,0,0,0,0,0,0,0,0,0,0,0,0,0,0,0,0,0,0,0,0,0,0,0,0,0,0,0,0,0,0,0,0,0,0,0,0,0,0,0,0,0,0
2025,13,401772621,"Philadelphia Eagles","Chicago Bears",0,0,0,0,0,0,0,0,0,0,0,0,0,0,0,0,0,0,0,0,0,0,0,0,0,0,0,0,0,0,0,0,0,0,0,0,0,0,0,0,0,0,0,0,0,0,0,0,0,0,0,0,0,0,0,0,0,0,0,0,0,0,0,0,0,0,0,0,0,0,0,0
2025,13,401772785,"Cleveland Browns","San Francisco 49ers",0,0,0,0,0,0,0,0,0,0,0,0,0,0,0,0,0,0,0,0,0,0,0,0,0,0,0,0,0,0,0,0,0,0,0,0,0,0,0,0,0,0,0,0,0,0,0,0,0,0,0,0,0,0,0,0,0,0,0,0,0,0,0,0,0,0,0,0,0,0,0,0
2025,13,401772786,"Tennessee Titans","Jacksonville Jaguars",0,0,0,0,0,0,0,0,0,0,0,0,0,0,0,0,0,0,0,0,0,0,0,0,0,0,0,0,0,0,0,0,0,0,0,0,0,0,0,0,0,0,0,0,0,0,0,0,0,0,0,0,0,0,0,0,0,0,0,0,0,0,0,0,0,0,0,0,0,0,0,0
2025,13,401772787,"Indianapolis Colts","Houston Texans",0,0,0,0,0,0,0,0,0,0,0,0,0,0,0,0,0,0,0,0,0,0,0,0,0,0,0,0,0,0,0,0,0,0,0,0,0,0,0,0,0,0,0,0,0,0,0,0,0,0,0,0,0,0,0,0,0,0,0,0,0,0,0,0,0,0,0,0,0,0,0,0
2025,13,401772892,"Miami Dolphins","New Orleans Saints",0,0,0,0,0,0,0,0,0,0,0,0,0,0,0,0,0,0,0,0,0,0,0,0,0,0,0,0,0,0,0,0,0,0,0,0,0,0,0,0,0,0,0,0,0,0,0,0,0,0,0,0,0,0,0,0,0,0,0,0,0,0,0,0,0,0,0,0,0,0,0,0
2025,13,401772893,"New York Jets","Atlanta Falcons",0,0,0,0,0,0,0,0,0,0,0,0,0,0,0,0,0,0,0,0,0,0,0,0,0,0,0,0,0,0,0,0,0,0,0,0,0,0,0,0,0,0,0,0,0,0,0,0,0,0,0,0,0,0,0,0,0,0,0,0,0,0,0,0,0,0,0,0,0,0,0,0
2025,13,401772895,"Tampa Bay Buccaneers","Arizona Cardinals",0,0,0,0,0,0,0,0,0,0,0,0,0,0,0,0,0,0,0,0,0,0,0,0,0,0,0,0,0,0,0,0,0,0,0,0,0,0,0,0,0,0,0,0,0,0,0,0,0,0,0,0,0,0,0,0,0,0,0,0,0,0,0,0,0,0,0,0,0,0,0,0
2025,13,401772894,"Carolina Panthers","Los Angeles Rams",0,0,0,0,0,0,0,0,0,0,0,0,0,0,0,0,0,0,0,0,0,0,0,0,0,0,0,0,0,0,0,0,0,0,0,0,0,0,0,0,0,0,0,0,0,0,0,0,0,0,0,0,0,0,0,0,0,0,0,0,0,0,0,0,0,0,0,0,0,0,0,0
2025,13,401772896,"Seattle Seahawks","Minnesota Vikings",0,0,0,0,0,0,0,0,0,0,0,0,0,0,0,0,0,0,0,0,0,0,0,0,0,0,0,0,0,0,0,0,0,0,0,0,0,0,0,0,0,0,0,0,0,0,0,0,0,0,0,0,0,0,0,0,0,0,0,0,0,0,0,0,0,0,0,0,0,0,0,0
2025,13,401772789,"Pittsburgh Steelers","Buffalo Bills",0,0,0,0,0,0,0,0,0,0,0,0,0,0,0,0,0,0,0,0,0,0,0,0,0,0,0,0,0,0,0,0,0,0,0,0,0,0,0,0,0,0,0,0,0,0,0,0,0,0,0,0,0,0,0,0,0,0,0,0,0,0,0,0,0,0,0,0,0,0,0,0
2025,13,401772788,"Los Angeles Chargers","Las Vegas Raiders",0,0,0,0,0,0,0,0,0,0,0,0,0,0,0,0,0,0,0,0,0,0,0,0,0,0,0,0,0,0,0,0,0,0,0,0,0,0,0,0,0,0,0,0,0,0,0,0,0,0,0,0,0,0,0,0,0,0,0,0,0,0,0,0,0,0,0,0,0,0,0,0
2025,13,401772931,"Washington Commanders","Denver Broncos",0,0,0,0,0,0,0,0,0,0,0,0,0,0,0,0,0,0,0,0,0,0,0,0,0,0,0,0,0,0,0,0,0,0,0,0,0,0,0,0,0,0,0,0,0,0,0,0,0,0,0,0,0,0,0,0,0,0,0,0,0,0,0,0,0,0,0,0,0,0,0,0
2025,13,401772821,"New England Patriots","New York Giants",0,0,0,0,0,0,0,0,0,0,0,0,0,0,0,0,0,0,0,0,0,0,0,0,0,0,0,0,0,0,0,0,0,0,0,0,0,0,0,0,0,0,0,0,0,0,0,0,0,0,0,0,0,0,0,0,0,0,0,0,0,0,0,0,0,0,0,0,0,0,0,0
2025,14,401772947,"Detroit Lions","Dallas Cowboys",0,0,0,0,0,0,0,0,0,0,0,0,0,0,0,0,0,0,0,0,0,0,0,0,0,0,0,0,0,0,0,0,0,0,0,0,0,0,0,0,0,0,0,0,0,0,0,0,0,0,0,0,0,0,0,0,0,0,0,0,0,0,0,0,0,0,0,0,0,0,0,0
2025,14,401772900,"Atlanta Falcons","Seattle Seahawks",0,0,0,0,0,0,0,0,0,0,0,0,0,0,0,0,0,0,0,0,0,0,0,0,0,0,0,0,0,0,0,0,0,0,0,0,0,0,0,0,0,0,0,0,0,0,0,0,0,0,0,0,0,0,0,0,0,0,0,0,0,0,0,0,0,0,0,0,0,0,0,0
2025,14,401772898,"Cleveland Browns","Tennessee Titans",0,0,0,0,0,0,0,0,0,0,0,0,0,0,0,0,0,0,0,0,0,0,0,0,0,0,0,0,0,0,0,0,0,0,0,0,0,0,0,0,0,0,0,0,0,0,0,0,0,0,0,0,0,0,0,0,0,0,0,0,0,0,0,0,0,0,0,0,0,0,0,0
2025,14,401772897,"Green Bay Packers","Chicago Bears",0,0,0,0,0,0,0,0,0,0,0,0,0,0,0,0,0,0,0,0,0,0,0,0,0,0,0,0,0,0,0,0,0,0,0,0,0,0,0,0,0,0,0,0,0,0,0,0,0,0,0,0,0,0,0,0,0,0,0,0,0,0,0,0,0,0,0,0,0,0,0,0
2025,14,401772899,"Minnesota Vikings","Washington Commanders",0,0,0,0,0,0,0,0,0,0,0,0,0,0,0,0,0,0,0,0,0,0,0,0,0,0,0,0,0,0,0,0,0,0,0,0,0,0,0,0,0,0,0,0,0,0,0,0,0,0,0,0,0,0,0,0,0,0,0,0,0,0,0,0,0,0,0,0,0,0,0,0
2025,14,401772790,"New York Jets","Miami Dolphins",0,0,0,0,0,0,0,0,0,0,0,0,0,0,0,0,0,0,0,0,0,0,0,0,0,0,0,0,0,0,0,0,0,0,0,0,0,0,0,0,0,0,0,0,0,0,0,0,0,0,0,0,0,0,0,0,0,0,0,0,0,0,0,0,0,0,0,0,0,0,0,0
2025,14,401772792,"Tampa Bay Buccaneers","New Orleans Saints",0,0,0,0,0,0,0,0,0,0,0,0,0,0,0,0,0,0,0,0,0,0,0,0,0,0,0,0,0,0,0,0,0,0,0,0,0,0,0,0,0,0,0,0,0,0,0,0,0,0,0,0,0,0,0,0,0,0,0,0,0,0,0,0,0,0,0,0,0,0,0,0
2025,14,401772793,"Jacksonville Jaguars","Indianapolis Colts",0,0,0,0,0,0,0,0,0,0,0,0,0,0,0,0,0,0,0,0,0,0,0,0,0,0,0,0,0,0,0,0,0,0,0,0,0,0,0,0,0,0,0,0,0,0,0,0,0,0,0,0,0,0,0,0,0,0,0,0,0,0,0,0,0,0,0,0,0,0,0,0
2025,14,401772791,"Baltimore Ravens","Pittsburgh Steelers",0,0,0,0,0,0,0,0,0,0,0,0,0,0,0,0,0,0,0,0,0,0,0,0,0,0,0,0,0,0,0,0,0,0,0,0,0,0,0,0,0,0,0,0,0,0,0,0,0,0,0,0,0,0,0,0,0,0,0,0,0,0,0,0,0,0,0,0,0,0,0,0
2025,14,401772794,"Las Vegas Raiders","Denver Broncos",0,0,0,0,0,0,0,0,0,0,0,0,0,0,0,0,0,0,0,0,0,0,0,0,0,0,0,0,0,0,0,0,0,0,0,0,0,0,0,0,0,0,0,0,0,0,0,0,0,0,0,0,0,0,0,0,0,0,0,0,0,0,0,0,0,0,0,0,0,0,0,0
2025,14,401772902,"Buffalo Bills","Cincinnati Bengals",0,0,0,0,0,0,0,0,0,0,0,0,0,0,0,0,0,0,0,0,0,0,0,0,0,0,0,0,0,0,0,0,0,0,0,0,0,0,0,0,0,0,0,0,0,0,0,0,0,0,0,0,0,0,0,0,0,0,0,0,0,0,0,0,0,0,0,0,0,0,0,0
2025,14,401772901,"Arizona Cardinals","Los Angeles Rams",0,0,0,0,0,0,0,0,0,0,0,0,0,0,0,0,0,0,0,0,0,0,0,0,0,0,0,0,0,0,0,0,0,0,0,0,0,0,0,0,0,0,0,0,0,0,0,0,0,0,0,0,0,0,0,0,0,0,0,0,0,0,0,0,0,0,0,0,0,0,0,0
2025,14,401772932,"Kansas City Chiefs","Houston Texans",0,0,0,0,0,0,0,0,0,0,0,0,0,0,0,0,0,0,0,0,0,0,0,0,0,0,0,0,0,0,0,0,0,0,0,0,0,0,0,0,0,0,0,0,0,0,0,0,0,0,0,0,0,0,0,0,0,0,0,0,0,0,0,0,0,0,0,0,0,0,0,0
2025,14,401772822,"Los Angeles Chargers","Philadelphia Eagles",0,0,0,0,0,0,0,0,0,0,0,0,0,0,0,0,0,0,0,0,0,0,0,0,0,0,0,0,0,0,0,0,0,0,0,0,0,0,0,0,0,0,0,0,0,0,0,0,0,0,0,0,0,0,0,0,0,0,0,0,0,0,0,0,0,0,0,0,0,0,0,0
2025,15,401772948,"Tampa Bay Buccaneers","Atlanta Falcons",0,0,0,0,0,0,0,0,0,0,0,0,0,0,0,0,0,0,0,0,0,0,0,0,0,0,0,0,0,0,0,0,0,0,0,0,0,0,0,0,0,0,0,0,0,0,0,0,0,0,0,0,0,0,0,0,0,0,0,0,0,0,0,0,0,0,0,0,0,0,0,0
2025,15,401772904,"Chicago Bears","Cleveland Browns",0,0,0,0,0,0,0,0,0,0,0,0,0,0,0,0,0,0,0,0,0,0,0,0,0,0,0,0,0,0,0,0,0,0,0,0,0,0,0,0,0,0,0,0,0,0,0,0,0,0,0,0,0,0,0,0,0,0,0,0,0,0,0,0,0,0,0,0,0,0,0,0
2025,15,401772796,"Cincinnati Bengals","Baltimore Ravens",0,0,0,0,0,0,0,0,0,0,0,0,0,0,0,0,0,0,0,0,0,0,0,0,0,0,0,0,0,0,0,0,0,0,0,0,0,0,0,0,0,0,0,0,0,0,0,0,0,0,0,0,0,0,0,0,0,0,0,0,0,0,0,0,0,0,0,0,0,0,0,0
2025,15,401772798,"Kansas City Chiefs","Los Angeles Chargers",0,0,0,0,0,0,0,0,0,0,0,0,0,0,0,0,0,0,0,0,0,0,0,0,0,0,0,0,0,0,0,0,0,0,0,0,0,0,0,0,0,0,0,0,0,0,0,0,0,0,0,0,0,0,0,0,0,0,0,0,0,0,0,0,0,0,0,0,0,0,0,0
2025,15,401772795,"New England Patriots","Buffalo Bills",0,0,0,0,0,0,0,0,0,0,0,0,0,0,0,0,0,0,0,0,0,0,0,0,0,0,0,0,0,0,0,0,0,0,0,0,0,0,0,0,0,0,0,0,0,0,0,0,0,0,0,0,0,0,0,0,0,0,0,0,0,0,0,0,0,0,0,0,0,0,0,0
2025,15,401772905,"New York Giants","Washington Commanders",0,0,0,0,0,0,0,0,0,0,0,0,0,0,0,0,0,0,0,0,0,0,0,0,0,0,0,0,0,0,0,0,0,0,0,0,0,0,0,0,0,0,0,0,0,0,0,0,0,0,0,0,0,0,0,0,0,0,0,0,0,0,0,0,0,0,0,0,0,0,0,0
2025,15,401772906,"Philadelphia Eagles","Las Vegas Raiders",0,0,0,0,0,0,0,0,0,0,0,0,0,0,0,0,0,0,0,0,0,0,0,0,0,0,0,0,0,0,0,0,0,0,0,0,0,0,0,0,0,0,0,0,0,0,0,0,0,0,0,0,0,0,0,0,0,0,0,0,0,0,0,0,0,0,0,0,0,0,0,0
2025,15,401772797,"Jacksonville Jaguars","New York Jets",0,0,0,0,0,0,0,0,0,0,0,0,0,0,0,0,0,0,0,0,0,0,0,0,0,0,0,0,0,0,0,0,0,0,0,0,0,0,0,0,0,0,0,0,0,0,0,0,0,0,0,0,0,0,0,0,0,0,0,0,0,0,0,0,0,0,0,0,0,0,0,0
2025,15,401772903,"Houston Texans","Arizona Cardinals",0,0,0,0,0,0,0,0,0,0,0,0,0,0,0,0,0,0,0,0,0,0,0,0,0,0,0,0,0,0,0,0,0,0,0,0,0,0,0,0,0,0,0,0,0,0,0,0,0,0,0,0,0,0,0,0,0,0,0,0,0,0,0,0,0,0,0,0,0,0,0,0
2025,15,401772800,"Denver Broncos","Green Bay Packers",0,0,0,0,0,0,0,0,0,0,0,0,0,0,0,0,0,0,0,0,0,0,0,0,0,0,0,0,0,0,0,0,0,0,0,0,0,0,0,0,0,0,0,0,0,0,0,0,0,0,0,0,0,0,0,0,0,0,0,0,0,0,0,0,0,0,0,0,0,0,0,0
2025,15,401772909,"Los Angeles Rams","Detroit Lions",0,0,0,0,0,0,0,0,0,0,0,0,0,0,0,0,0,0,0,0,0,0,0,0,0,0,0,0,0,0,0,0,0,0,0,0,0,0,0,0,0,0,0,0,0,0,0,0,0,0,0,0,0,0,0,0,0,0,0,0,0,0,0,0,0,0,0,0,0,0,0,0
2025,15,401772908,"New Orleans Saints","Carolina Panthers",0,0,0,0,0,0,0,0,0,0,0,0,0,0,0,0,0,0,0,0,0,0,0,0,0,0,0,0,0,0,0,0,0,0,0,0,0,0,0,0,0,0,0,0,0,0,0,0,0,0,0,0,0,0,0,0,0,0,0,0,0,0,0,0,0,0,0,0,0,0,0,0
2025,15,401772907,"San Francisco 49ers","Tennessee Titans",0,0,0,0,0,0,0,0,0,0,0,0,0,0,0,0,0,0,0,0,0,0,0,0,0,0,0,0,0,0,0,0,0,0,0,0,0,0,0,0,0,0,0,0,0,0,0,0,0,0,0,0,0,0,0,0,0,0,0,0,0,0,0,0,0,0,0,0,0,0,0,0
2025,15,401772799,"Seattle Seahawks","Indianapolis Colts",0,0,0,0,0,0,0,0,0,0,0,0,0,0,0,0,0,0,0,0,0,0,0,0,0,0,0,0,0,0,0,0,0,0,0,0,0,0,0,0,0,0,0,0,0,0,0,0,0,0,0,0,0,0,0,0,0,0,0,0,0,0,0,0,0,0,0,0,0,0,0,0
2025,15,401772933,"Dallas Cowboys","Minnesota Vikings",0,0,0,0,0,0,0,0,0,0,0,0,0,0,0,0,0,0,0,0,0,0,0,0,0,0,0,0,0,0,0,0,0,0,0,0,0,0,0,0,0,0,0,0,0,0,0,0,0,0,0,0,0,0,0,0,0,0,0,0,0,0,0,0,0,0,0,0,0,0,0,0
2025,15,401772823,"Pittsburgh Steelers","Miami Dolphins",0,0,0,0,0,0,0,0,0,0,0,0,0,0,0,0,0,0,0,0,0,0,0,0,0,0,0,0,0,0,0,0,0,0,0,0,0,0,0,0,0,0,0,0,0,0,0,0,0,0,0,0,0,0,0,0,0,0,0,0,0,0,0,0,0,0,0,0,0,0,0,0
2025,16,401772949,"Seattle Seahawks","Los Angeles Rams",0,0,0,0,0,0,0,0,0,0,0,0,0,0,0,0,0,0,0,0,0,0,0,0,0,0,0,0,0,0,0,0,0,0,0,0,0,0,0,0,0,0,0,0,0,0,0,0,0,0,0,0,0,0,0,0,0,0,0,0,0,0,0,0,0,0,0,0,0,0,0,0
2025,16,401772613,"Chicago Bears","Green Bay Packers",0,0,0,0,0,0,0,0,0,0,0,0,0,0,0,0,0,0,0,0,0,0,0,0,0,0,0,0,0,0,0,0,0,0,0,0,0,0,0,0,0,0,0,0,0,0,0,0,0,0,0,0,0,0,0,0,0,0,0,0,0,0,0,0,0,0,0,0,0,0,0,0
2025,16,401772612,"Washington Commanders","Philadelphia Eagles",0,0,0,0,0,0,0,0,0,0,0,0,0,0,0,0,0,0,0,0,0,0,0,0,0,0,0,0,0,0,0,0,0,0,0,0,0,0,0,0,0,0,0,0,0,0,0,0,0,0,0,0,0,0,0,0,0,0,0,0,0,0,0,0,0,0,0,0,0,0,0,0
2025,16,401772802,"Cleveland Browns","Buffalo Bills",0,0,0,0,0,0,0,0,0,0,0,0,0,0,0,0,0,0,0,0,0,0,0,0,0,0,0,0,0,0,0,0,0,0,0,0,0,0,0,0,0,0,0,0,0,0,0,0,0,0,0,0,0,0,0,0,0,0,0,0,0,0,0,0,0,0,0,0,0,0,0,0
2025,16,401772910,"Dallas Cowboys","Los Angeles Chargers",0,0,0,0,0,0,0,0,0,0,0,0,0,0,0,0,0,0,0,0,0,0,0,0,0,0,0,0,0,0,0,0,0,0,0,0,0,0,0,0,0,0,0,0,0,0,0,0,0,0,0,0,0,0,0,0,0,0,0,0,0,0,0,0,0,0,0,0,0,0,0,0
2025,16,401772803,"Tennessee Titans","Kansas City Chiefs",0,0,0,0,0,0,0,0,0,0,0,0,0,0,0,0,0,0,0,0,0,0,0,0,0,0,0,0,0,0,0,0,0,0,0,0,0,0,0,0,0,0,0,0,0,0,0,0,0,0,0,0,0,0,0,0,0,0,0,0,0,0,0,0,0,0,0,0,0,0,0,0
2025,16,401772801,"New Orleans Saints","New York Jets",0,0,0,0,0,0,0,0,0,0,0,0,0,0,0,0,0,0,0,0,0,0,0,0,0,0,0,0,0,0,0,0,0,0,0,0,0,0,0,0,0,0,0,0,0,0,0,0,0,0,0,0,0,0,0,0,0,0,0,0,0,0,0,0,0,0,0,0,0,0,0,0
2025,16,401772911,"New York Giants","Minnesota Vikings",0,0,0,0,0,0,0,0,0,0,0,0,0,0,0,0,0,0,0,0,0,0,0,0,0,0,0,0,0,0,0,0,0,0,0,0,0,0,0,0,0,0,0,0,0,0,0,0,0,0,0,0,0,0,0,0,0,0,0,0,0,0,0,0,0,0,0,0,0,0,0,0
2025,16,401772912,"Carolina Panthers","Tampa Bay Buccaneers",0,0,0,0,0,0,0,0,0,0,0,0,0,0,0,0,0,0,0,0,0,0,0,0,0,0,0,0,0,0,0,0,0,0,0,0,0,0,0,0,0,0,0,0,0,0,0,0,0,0,0,0,0,0,0,0,0,0,0,0,0,0,0,0,0,0,0,0,0,0,0,0
2025,16,401772804,"Baltimore Ravens","New England Patriots",0,0,0,0,0,0,0,0,0,0,0,0,0,0,0,0,0,0,0,0,0,0,0,0,0,0,0,0,0,0,0,0,0,0,0,0,0,0,0,0,0,0,0,0,0,0,0,0,0,0,0,0,0,0,0,0,0,0,0,0,0,0,0,0,0,0,0,0,0,0,0,0
2025,16,401772913,"Denver Broncos","Jacksonville Jaguars",0,0,0,0,0,0,0,0,0,0,0,0,0,0,0,0,0,0,0,0,0,0,0,0,0,0,0,0,0,0,0,0,0,0,0,0,0,0,0,0,0,0,0,0,0,0,0,0,0,0,0,0,0,0,0,0,0,0,0,0,0,0,0,0,0,0,0,0,0,0,0,0
2025,16,401772914,"Arizona Cardinals","Atlanta Falcons",0,0,0,0,0,0,0,0,0,0,0,0,0,0,0,0,0,0,0,0,0,0,0,0,0,0,0,0,0,0,0,0,0,0,0,0,0,0,0,0,0,0,0,0,0,0,0,0,0,0,0,0,0,0,0,0,0,0,0,0,0,0,0,0,0,0,0,0,0,0,0,0
2025,16,401772806,"Detroit Lions","Pittsburgh Steelers",0,0,0,0,0,0,0,0,0,0,0,0,0,0,0,0,0,0,0,0,0,0,0,0,0,0,0,0,0,0,0,0,0,0,0,0,0,0,0,0,0,0,0,0,0,0,0,0,0,0,0,0,0,0,0,0,0,0,0,0,0,0,0,0,0,0,0,0,0,0,0,0
2025,16,401772805,"Houston Texans","Las Vegas Raiders",0,0,0,0,0,0,0,0,0,0,0,0,0,0,0,0,0,0,0,0,0,0,0,0,0,0,0,0,0,0,0,0,0,0,0,0,0,0,0,0,0,0,0,0,0,0,0,0,0,0,0,0,0,0,0,0,0,0,0,0,0,0,0,0,0,0,0,0,0,0,0,0
2025,16,401772934,"Miami Dolphins","Cincinnati Bengals",0,0,0,0,0,0,0,0,0,0,0,0,0,0,0,0,0,0,0,0,0,0,0,0,0,0,0,0,0,0,0,0,0,0,0,0,0,0,0,0,0,0,0,0,0,0,0,0,0,0,0,0,0,0,0,0,0,0,0,0,0,0,0,0,0,0,0,0,0,0,0,0
2025,16,401772824,"Indianapolis Colts","San Francisco 49ers",0,0,0,0,0,0,0,0,0,0,0,0,0,0,0,0,0,0,0,0,0,0,0,0,0,0,0,0,0,0,0,0,0,0,0,0,0,0,0,0,0,0,0,0,0,0,0,0,0,0,0,0,0,0,0,0,0,0,0,0,0,0,0,0,0,0,0,0,0,0,0,0
2025,17,401772710,"Washington Commanders","Dallas Cowboys",0,0,0,0,0,0,0,0,0,0,0,0,0,0,0,0,0,0,0,0,0,0,0,0,0,0,0,0,0,0,0,0,0,0,0,0,0,0,0,0,0,0,0,0,0,0,0,0,0,0,0,0,0,0,0,0,0,0,0,0,0,0,0,0,0,0,0,0,0,0,0,0
2025,17,401772711,"Minnesota Vikings","Detroit Lions",0,0,0,0,0,0,0,0,0,0,0,0,0,0,0,0,0,0,0,0,0,0,0,0,0,0,0,0,0,0,0,0,0,0,0,0,0,0,0,0,0,0,0,0,0,0,0,0,0,0,0,0,0,0,0,0,0,0,0,0,0,0,0,0,0,0,0,0,0,0,0,0
2025,17,401772622,"Kansas City Chiefs","Denver Broncos",0,0,0,0,0,0,0,0,0,0,0,0,0,0,0,0,0,0,0,0,0,0,0,0,0,0,0,0,0,0,0,0,0,0,0,0,0,0,0,0,0,0,0,0,0,0,0,0,0,0,0,0,0,0,0,0,0,0,0,0,0,0,0,0,0,0,0,0,0,0,0,0
2025,17,401772954,"Cincinnati Bengals","Arizona Cardinals",0,0,0,0,0,0,0,0,0,0,0,0,0,0,0,0,0,0,0,0,0,0,0,0,0,0,0,0,0,0,0,0,0,0,0,0,0,0,0,0,0,0,0,0,0,0,0,0,0,0,0,0,0,0,0,0,0,0,0,0,0,0,0,0,0,0,0,0,0,0,0,0
2025,17,401772953,"Green Bay Packers","Baltimore Ravens",0,0,0,0,0,0,0,0,0,0,0,0,0,0,0,0,0,0,0,0,0,0,0,0,0,0,0,0,0,0,0,0,0,0,0,0,0,0,0,0,0,0,0,0,0,0,0,0,0,0,0,0,0,0,0,0,0,0,0,0,0,0,0,0,0,0,0,0,0,0,0,0
2025,17,401772950,"Las Vegas Raiders","New York Giants",0,0,0,0,0,0,0,0,0,0,0,0,0,0,0,0,0,0,0,0,0,0,0,0,0,0,0,0,0,0,0,0,0,0,0,0,0,0,0,0,0,0,0,0,0,0,0,0,0,0,0,0,0,0,0,0,0,0,0,0,0,0,0,0,0,0,0,0,0,0,0,0
2025,17,401772951,"Los Angeles Chargers","Houston Texans",0,0,0,0,0,0,0,0,0,0,0,0,0,0,0,0,0,0,0,0,0,0,0,0,0,0,0,0,0,0,0,0,0,0,0,0,0,0,0,0,0,0,0,0,0,0,0,0,0,0,0,0,0,0,0,0,0,0,0,0,0,0,0,0,0,0,0,0,0,0,0,0
2025,17,401772952,"Carolina Panthers","Seattle Seahawks",0,0,0,0,0,0,0,0,0,0,0,0,0,0,0,0,0,0,0,0,0,0,0,0,0,0,0,0,0,0,0,0,0,0,0,0,0,0,0,0,0,0,0,0,0,0,0,0,0,0,0,0,0,0,0,0,0,0,0,0,0,0,0,0,0,0,0,0,0,0,0,0
2025,17,401772807,"Cleveland Browns","Pittsburgh Steelers",0,0,0,0,0,0,0,0,0,0,0,0,0,0,0,0,0,0,0,0,0,0,0,0,0,0,0,0,0,0,0,0,0,0,0,0,0,0,0,0,0,0,0,0,0,0,0,0,0,0,0,0,0,0,0,0,0,0,0,0,0,0,0,0,0,0,0,0,0,0,0,0
2025,17,401772809,"Tennessee Titans","New Orleans Saints",0,0,0,0,0,0,0,0,0,0,0,0,0,0,0,0,0,0,0,0,0,0,0,0,0,0,0,0,0,0,0,0,0,0,0,0,0,0,0,0,0,0,0,0,0,0,0,0,0,0,0,0,0,0,0,0,0,0,0,0,0,0,0,0,0,0,0,0,0,0,0,0
2025,17,401772915,"Indianapolis Colts","Jacksonville Jaguars",0,0,0,0,0,0,0,0,0,0,0,0,0,0,0,0,0,0,0,0,0,0,0,0,0,0,0,0,0,0,0,0,0,0,0,0,0,0,0,0,0,0,0,0,0,0,0,0,0,0,0,0,0,0,0,0,0,0,0,0,0,0,0,0,0,0,0,0,0,0,0,0
2025,17,401772916,"Miami Dolphins","Tampa Bay Buccaneers",0,0,0,0,0,0,0,0,0,0,0,0,0,0,0,0,0,0,0,0,0,0,0,0,0,0,0,0,0,0,0,0,0,0,0,0,0,0,0,0,0,0,0,0,0,0,0,0,0,0,0,0,0,0,0,0,0,0,0,0,0,0,0,0,0,0,0,0,0,0,0,0
2025,17,401772808,"New York Jets","New England Patriots",0,0,0,0,0,0,0,0,0,0,0,0,0,0,0,0,0,0,0,0,0,0,0,0,0,0,0,0,0,0,0,0,0,0,0,0,0,0,0,0,0,0,0,0,0,0,0,0,0,0,0,0,0,0,0,0,0,0,0,0,0,0,0,0,0,0,0,0,0,0,0,0
2025,17,401772917,"Buffalo Bills","Philadelphia Eagles",0,0,0,0,0,0,0,0,0,0,0,0,0,0,0,0,0,0,0,0,0,0,0,0,0,0,0,0,0,0,0,0,0,0,0,0,0,0,0,0,0,0,0,0,0,0,0,0,0,0,0,0,0,0,0,0,0,0,0,0,0,0,0,0,0,0,0,0,0,0,0,0
2025,17,401772935,"San Francisco 49ers","Chicago Bears",0,0,0,0,0,0,0,0,0,0,0,0,0,0,0,0,0,0,0,0,0,0,0,0,0,0,0,0,0,0,0,0,0,0,0,0,0,0,0,0,0,0,0,0,0,0,0,0,0,0,0,0,0,0,0,0,0,0,0,0,0,0,0,0,0,0,0,0,0,0,0,0
2025,17,401772825,"Atlanta Falcons","Los Angeles Rams",0,0,0,0,0,0,0,0,0,0,0,0,0,0,0,0,0,0,0,0,0,0,0,0,0,0,0,0,0,0,0,0,0,0,0,0,0,0,0,0,0,0,0,0,0,0,0,0,0,0,0,0,0,0,0,0,0,0,0,0,0,0,0,0,0,0,0,0,0,0,0,0
2025,18,401772966,"Atlanta Falcons","New Orleans Saints",0,0,0,0,0,0,0,0,0,0,0,0,0,0,0,0,0,0,0,0,0,0,0,0,0,0,0,0,0,0,0,0,0,0,0,0,0,0,0,0,0,0,0,0,0,0,0,0,0,0,0,0,0,0,0,0,0,0,0,0,0,0,0,0,0,0,0,0,0,0,0,0
2025,18,401772967,"Buffalo Bills","New York Jets",0,0,0,0,0,0,0,0,0,0,0,0,0,0,0,0,0,0,0,0,0,0,0,0,0,0,0,0,0,0,0,0,0,0,0,0,0,0,0,0,0,0,0,0,0,0,0,0,0,0,0,0,0,0,0,0,0,0,0,0,0,0,0,0,0,0,0,0,0,0,0,0
2025,18,401772965,"Chicago Bears","Detroit Lions",0,0,0,0,0,0,0,0,0,0,0,0,0,0,0,0,0,0,0,0,0,0,0,0,0,0,0,0,0,0,0,0,0,0,0,0,0,0,0,0,0,0,0,0,0,0,0,0,0,0,0,0,0,0,0,0,0,0,0,0,0,0,0,0,0,0,0,0,0,0,0,0
2025,18,401772964,"Cincinnati Bengals","Cleveland Browns",0,0,0,0,0,0,0,0,0,0,0,0,0,0,0,0,0,0,0,0,0,0,0,0,0,0,0,0,0,0,0,0,0,0,0,0,0,0,0,0,0,0,0,0,0,0,0,0,0,0,0,0,0,0,0,0,0,0,0,0,0,0,0,0,0,0,0,0,0,0,0,0
2025,18,401772956,"Denver Broncos","Los Angeles Chargers",0,0,0,0,0,0,0,0,0,0,0,0,0,0,0,0,0,0,0,0,0,0,0,0,0,0,0,0,0,0,0,0,0,0,0,0,0,0,0,0,0,0,0,0,0,0,0,0,0,0,0,0,0,0,0,0,0,0,0,0,0,0,0,0,0,0,0,0,0,0,0,0
2025,18,401772957,"Las Vegas Raiders","Kansas City Chiefs",0,0,0,0,0,0,0,0,0,0,0,0,0,0,0,0,0,0,0,0,0,0,0,0,0,0,0,0,0,0,0,0,0,0,0,0,0,0,0,0,0,0,0,0,0,0,0,0,0,0,0,0,0,0,0,0,0,0,0,0,0,0,0,0,0,0,0,0,0,0,0,0
2025,18,401772955,"Los Angeles Rams","Arizona Cardinals",0,0,0,0,0,0,0,0,0,0,0,0,0,0,0,0,0,0,0,0,0,0,0,0,0,0,0,0,0,0,0,0,0,0,0,0,0,0,0,0,0,0,0,0,0,0,0,0,0,0,0,0,0,0,0,0,0,0,0,0,0,0,0,0,0,0,0,0,0,0,0,0
2025,18,401772968,"Minnesota Vikings","Green Bay Packers",0,0,0,0,0,0,0,0,0,0,0,0,0,0,0,0,0,0,0,0,0,0,0,0,0,0,0,0,0,0,0,0,0,0,0,0,0,0,0,0,0,0,0,0,0,0,0,0,0,0,0,0,0,0,0,0,0,0,0,0,0,0,0,0,0,0,0,0,0,0,0,0
2025,18,401772958,"New England Patriots","Miami Dolphins",0,0,0,0,0,0,0,0,0,0,0,0,0,0,0,0,0,0,0,0,0,0,0,0,0,0,0,0,0,0,0,0,0,0,0,0,0,0,0,0,0,0,0,0,0,0,0,0,0,0,0,0,0,0,0,0,0,0,0,0,0,0,0,0,0,0,0,0,0,0,0,0
2025,18,401772963,"New York Giants","Dallas Cowboys",0,0,0,0,0,0,0,0,0,0,0,0,0,0,0,0,0,0,0,0,0,0,0,0,0,0,0,0,0,0,0,0,0,0,0,0,0,0,0,0,0,0,0,0,0,0,0,0,0,0,0,0,0,0,0,0,0,0,0,0,0,0,0,0,0,0,0,0,0,0,0,0
2025,18,401772959,"Philadelphia Eagles","Washington Commanders",0,0,0,0,0,0,0,0,0,0,0,0,0,0,0,0,0,0,0,0,0,0,0,0,0,0,0,0,0,0,0,0,0,0,0,0,0,0,0,0,0,0,0,0,0,0,0,0,0,0,0,0,0,0,0,0,0,0,0,0,0,0,0,0,0,0,0,0,0,0,0,0
2025,18,401772960,"Pittsburgh Steelers","Baltimore Ravens",0,0,0,0,0,0,0,0,0,0,0,0,0,0,0,0,0,0,0,0,0,0,0,0,0,0,0,0,0,0,0,0,0,0,0,0,0,0,0,0,0,0,0,0,0,0,0,0,0,0,0,0,0,0,0,0,0,0,0,0,0,0,0,0,0,0,0,0,0,0,0,0
2025,18,401772961,"San Francisco 49ers","Seattle Seahawks",0,0,0,0,0,0,0,0,0,0,0,0,0,0,0,0,0,0,0,0,0,0,0,0,0,0,0,0,0,0,0,0,0,0,0,0,0,0,0,0,0,0,0,0,0,0,0,0,0,0,0,0,0,0,0,0,0,0,0,0,0,0,0,0,0,0,0,0,0,0,0,0
2025,18,401772969,"Tampa Bay Buccaneers","Carolina Panthers",0,0,0,0,0,0,0,0,0,0,0,0,0,0,0,0,0,0,0,0,0,0,0,0,0,0,0,0,0,0,0,0,0,0,0,0,0,0,0,0,0,0,0,0,0,0,0,0,0,0,0,0,0,0,0,0,0,0,0,0,0,0,0,0,0,0,0,0,0,0,0,0
2025,18,401772970,"Jacksonville Jaguars","Tennessee Titans",0,0,0,0,0,0,0,0,0,0,0,0,0,0,0,0,0,0,0,0,0,0,0,0,0,0,0,0,0,0,0,0,0,0,0,0,0,0,0,0,0,0,0,0,0,0,0,0,0,0,0,0,0,0,0,0,0,0,0,0,0,0,0,0,0,0,0,0,0,0,0,0
2025,18,401772962,"Houston Texans","Indianapolis Colts",0,0,0,0,0,0,0,0,0,0,0,0,0,0,0,0,0,0,0,0,0,0,0,0,0,0,0,0,0,0,0,0,0,0,0,0,0,0,0,0,0,0,0,0,0,0,0,0,0,0,0,0,0,0,0,0,0,0,0,0,0,0,0,0,0,0,0,0,0,0,0,0
2025,1,401772976,"TBD","TBD",0,0,0,0,0,0,0,0,0,0,0,0,0,0,0,0,0,0,0,0,0,0,0,0,0,0,0,0,0,0,0,0,0,0,0,0,0,0,0,0,0,0,0,0,0,0,0,0,0,0,0,0,0,0,0,0,0,0,0,0,0,0,0,0,0,0,0,0,0,0,0,0
2025,1,401772977,"TBD","TBD",0,0,0,0,0,0,0,0,0,0,0,0,0,0,0,0,0,0,0,0,0,0,0,0,0,0,0,0,0,0,0,0,0,0,0,0,0,0,0,0,0,0,0,0,0,0,0,0,0,0,0,0,0,0,0,0,0,0,0,0,0,0,0,0,0,0,0,0,0,0,0,0
2025,1,401772978,"TBD","TBD",0,0,0,0,0,0,0,0,0,0,0,0,0,0,0,0,0,0,0,0,0,0,0,0,0,0,0,0,0,0,0,0,0,0,0,0,0,0,0,0,0,0,0,0,0,0,0,0,0,0,0,0,0,0,0,0,0,0,0,0,0,0,0,0,0,0,0,0,0,0,0,0
2025,1,401772979,"TBD","TBD",0,0,0,0,0,0,0,0,0,0,0,0,0,0,0,0,0,0,0,0,0,0,0,0,0,0,0,0,0,0,0,0,0,0,0,0,0,0,0,0,0,0,0,0,0,0,0,0,0,0,0,0,0,0,0,0,0,0,0,0,0,0,0,0,0,0,0,0,0,0,0,0
2025,1,401772980,"TBD","TBD",0,0,0,0,0,0,0,0,0,0,0,0,0,0,0,0,0,0,0,0,0,0,0,0,0,0,0,0,0,0,0,0,0,0,0,0,0,0,0,0,0,0,0,0,0,0,0,0,0,0,0,0,0,0,0,0,0,0,0,0,0,0,0,0,0,0,0,0,0,0,0,0
2025,1,401772981,"TBD","TBD",0,0,0,0,0,0,0,0,0,0,0,0,0,0,0,0,0,0,0,0,0,0,0,0,0,0,0,0,0,0,0,0,0,0,0,0,0,0,0,0,0,0,0,0,0,0,0,0,0,0,0,0,0,0,0,0,0,0,0,0,0,0,0,0,0,0,0,0,0,0,0,0
2025,2,401772982,"TBD","TBD",0,0,0,0,0,0,0,0,0,0,0,0,0,0,0,0,0,0,0,0,0,0,0,0,0,0,0,0,0,0,0,0,0,0,0,0,0,0,0,0,0,0,0,0,0,0,0,0,0,0,0,0,0,0,0,0,0,0,0,0,0,0,0,0,0,0,0,0,0,0,0,0
2025,2,401772983,"TBD","TBD",0,0,0,0,0,0,0,0,0,0,0,0,0,0,0,0,0,0,0,0,0,0,0,0,0,0,0,0,0,0,0,0,0,0,0,0,0,0,0,0,0,0,0,0,0,0,0,0,0,0,0,0,0,0,0,0,0,0,0,0,0,0,0,0,0,0,0,0,0,0,0,0
2025,2,401772984,"TBD","TBD",0,0,0,0,0,0,0,0,0,0,0,0,0,0,0,0,0,0,0,0,0,0,0,0,0,0,0,0,0,0,0,0,0,0,0,0,0,0,0,0,0,0,0,0,0,0,0,0,0,0,0,0,0,0,0,0,0,0,0,0,0,0,0,0,0,0,0,0,0,0,0,0
2025,2,401772985,"TBD","TBD",0,0,0,0,0,0,0,0,0,0,0,0,0,0,0,0,0,0,0,0,0,0,0,0,0,0,0,0,0,0,0,0,0,0,0,0,0,0,0,0,0,0,0,0,0,0,0,0,0,0,0,0,0,0,0,0,0,0,0,0,0,0,0,0,0,0,0,0,0,0,0,0
2025,3,401772986,"TBD","TBD",0,0,0,0,0,0,0,0,0,0,0,0,0,0,0,0,0,0,0,0,0,0,0,0,0,0,0,0,0,0,0,0,0,0,0,0,0,0,0,0,0,0,0,0,0,0,0,0,0,0,0,0,0,0,0,0,0,0,0,0,0,0,0,0,0,0,0,0,0,0,0,0
2025,3,401772987,"TBD","TBD",0,0,0,0,0,0,0,0,0,0,0,0,0,0,0,0,0,0,0,0,0,0,0,0,0,0,0,0,0,0,0,0,0,0,0,0,0,0,0,0,0,0,0,0,0,0,0,0,0,0,0,0,0,0,0,0,0,0,0,0,0,0,0,0,0,0,0,0,0,0,0,0
2025,4,401831718,"AFC","NFC",0,0,0,0,0,0,0,0,0,0,0,0,0,0,0,0,0,0,0,0,0,0,0,0,0,0,0,0,0,0,0,0,0,0,0,0,0,0,0,0,0,0,0,0,0,0,0,0,0,0,0,0,0,0,0,0,0,0,0,0,0,0,0,0,0,0,0,0,0,0,0,0
2025,5,401772988,"TBD","TBD",0,0,0,0,0,0,0,0,0,0,0,0,0,0,0,0,0,0,0,0,0,0,0,0,0,0,0,0,0,0,0,0,0,0,0,0,0,0,0,0,0,0,0,0,0,0,0,0,0,0,0,0,0,0,0,0,0,0,0,0,0,0,0,0,0,0,0,0,0,0,0,0
